"","source","gsea_symbol","pathway_ID","receptors","index"
"1","KEGG","KEGG_TASTE_TRANSDUCTION","hsa04742","GRM1",1
"2","KEGG","KEGG_TASTE_TRANSDUCTION","hsa04742","CHRM3",2
"3","KEGG","KEGG_PATHOGENIC_ESCHERICHIA_COLI_INFECTION","hsa05130","LPAR2",3
"4","KEGG","KEGG_PATHOGENIC_ESCHERICHIA_COLI_INFECTION","hsa05130","F2R",4
"5","KEGG","KEGG_PATHOGENIC_ESCHERICHIA_COLI_INFECTION","hsa05130","ITGB1",5
"6","KEGG","KEGG_PATHOGENIC_ESCHERICHIA_COLI_INFECTION","hsa05130","TLR4",6
"7","KEGG","KEGG_PATHOGENIC_ESCHERICHIA_COLI_INFECTION","hsa05130","TNFRSF1A",7
"8","KEGG","KEGG_PATHOGENIC_ESCHERICHIA_COLI_INFECTION","hsa05130","TNFRSF10B",8
"9","KEGG","KEGG_PATHOGENIC_ESCHERICHIA_COLI_INFECTION","hsa05130","TNFRSF10A",9
"10","KEGG","KEGG_PATHOGENIC_ESCHERICHIA_COLI_INFECTION","hsa05130","FAS",10
"11","KEGG","KEGG_HYPERTROPHIC_CARDIOMYOPATHY_HCM","hsa05410","ITGA11",11
"12","KEGG","KEGG_HYPERTROPHIC_CARDIOMYOPATHY_HCM","hsa05410","ITGA6",12
"13","KEGG","KEGG_HYPERTROPHIC_CARDIOMYOPATHY_HCM","hsa05410","ITGA1",13
"14","KEGG","KEGG_HYPERTROPHIC_CARDIOMYOPATHY_HCM","hsa05410","ITGA2",14
"15","KEGG","KEGG_HYPERTROPHIC_CARDIOMYOPATHY_HCM","hsa05410","ITGA2B",15
"16","KEGG","KEGG_HYPERTROPHIC_CARDIOMYOPATHY_HCM","hsa05410","ITGA3",16
"17","KEGG","KEGG_HYPERTROPHIC_CARDIOMYOPATHY_HCM","hsa05410","ITGA4",17
"18","KEGG","KEGG_HYPERTROPHIC_CARDIOMYOPATHY_HCM","hsa05410","ITGA5",18
"19","KEGG","KEGG_HYPERTROPHIC_CARDIOMYOPATHY_HCM","hsa05410","ITGA7",19
"20","KEGG","KEGG_HYPERTROPHIC_CARDIOMYOPATHY_HCM","hsa05410","ITGA9",20
"21","KEGG","KEGG_HYPERTROPHIC_CARDIOMYOPATHY_HCM","hsa05410","ITGAV",21
"22","KEGG","KEGG_HYPERTROPHIC_CARDIOMYOPATHY_HCM","hsa05410","ITGA10",22
"23","KEGG","KEGG_HYPERTROPHIC_CARDIOMYOPATHY_HCM","hsa05410","ITGA8",23
"24","KEGG","KEGG_HYPERTROPHIC_CARDIOMYOPATHY_HCM","hsa05410","ITGB1",24
"25","KEGG","KEGG_HYPERTROPHIC_CARDIOMYOPATHY_HCM","hsa05410","ITGB3",25
"26","KEGG","KEGG_HYPERTROPHIC_CARDIOMYOPATHY_HCM","hsa05410","ITGB4",26
"27","KEGG","KEGG_HYPERTROPHIC_CARDIOMYOPATHY_HCM","hsa05410","ITGB5",27
"28","KEGG","KEGG_HYPERTROPHIC_CARDIOMYOPATHY_HCM","hsa05410","ITGB6",28
"29","KEGG","KEGG_HYPERTROPHIC_CARDIOMYOPATHY_HCM","hsa05410","ITGB7",29
"30","KEGG","KEGG_HYPERTROPHIC_CARDIOMYOPATHY_HCM","hsa05410","ITGB8",30
"31","KEGG","KEGG_ARRHYTHMOGENIC_RIGHT_VENTRICULAR_CARDIOMYOPATHY_ARVC","hsa05412","ITGA11",31
"32","KEGG","KEGG_ARRHYTHMOGENIC_RIGHT_VENTRICULAR_CARDIOMYOPATHY_ARVC","hsa05412","ITGA6",32
"33","KEGG","KEGG_ARRHYTHMOGENIC_RIGHT_VENTRICULAR_CARDIOMYOPATHY_ARVC","hsa05412","ITGA1",33
"34","KEGG","KEGG_ARRHYTHMOGENIC_RIGHT_VENTRICULAR_CARDIOMYOPATHY_ARVC","hsa05412","ITGA2",34
"35","KEGG","KEGG_ARRHYTHMOGENIC_RIGHT_VENTRICULAR_CARDIOMYOPATHY_ARVC","hsa05412","ITGA2B",35
"36","KEGG","KEGG_ARRHYTHMOGENIC_RIGHT_VENTRICULAR_CARDIOMYOPATHY_ARVC","hsa05412","ITGA3",36
"37","KEGG","KEGG_ARRHYTHMOGENIC_RIGHT_VENTRICULAR_CARDIOMYOPATHY_ARVC","hsa05412","ITGA4",37
"38","KEGG","KEGG_ARRHYTHMOGENIC_RIGHT_VENTRICULAR_CARDIOMYOPATHY_ARVC","hsa05412","ITGA5",38
"39","KEGG","KEGG_ARRHYTHMOGENIC_RIGHT_VENTRICULAR_CARDIOMYOPATHY_ARVC","hsa05412","ITGA7",39
"40","KEGG","KEGG_ARRHYTHMOGENIC_RIGHT_VENTRICULAR_CARDIOMYOPATHY_ARVC","hsa05412","ITGA9",40
"41","KEGG","KEGG_ARRHYTHMOGENIC_RIGHT_VENTRICULAR_CARDIOMYOPATHY_ARVC","hsa05412","ITGAV",41
"42","KEGG","KEGG_ARRHYTHMOGENIC_RIGHT_VENTRICULAR_CARDIOMYOPATHY_ARVC","hsa05412","ITGA10",42
"43","KEGG","KEGG_ARRHYTHMOGENIC_RIGHT_VENTRICULAR_CARDIOMYOPATHY_ARVC","hsa05412","ITGA8",43
"44","KEGG","KEGG_ARRHYTHMOGENIC_RIGHT_VENTRICULAR_CARDIOMYOPATHY_ARVC","hsa05412","ITGB1",44
"45","KEGG","KEGG_ARRHYTHMOGENIC_RIGHT_VENTRICULAR_CARDIOMYOPATHY_ARVC","hsa05412","ITGB3",45
"46","KEGG","KEGG_ARRHYTHMOGENIC_RIGHT_VENTRICULAR_CARDIOMYOPATHY_ARVC","hsa05412","ITGB4",46
"47","KEGG","KEGG_ARRHYTHMOGENIC_RIGHT_VENTRICULAR_CARDIOMYOPATHY_ARVC","hsa05412","ITGB5",47
"48","KEGG","KEGG_ARRHYTHMOGENIC_RIGHT_VENTRICULAR_CARDIOMYOPATHY_ARVC","hsa05412","ITGB6",48
"49","KEGG","KEGG_ARRHYTHMOGENIC_RIGHT_VENTRICULAR_CARDIOMYOPATHY_ARVC","hsa05412","ITGB7",49
"50","KEGG","KEGG_ARRHYTHMOGENIC_RIGHT_VENTRICULAR_CARDIOMYOPATHY_ARVC","hsa05412","ITGB8",50
"51","KEGG","KEGG_DILATED_CARDIOMYOPATHY","hsa05414","ITGA11",51
"52","KEGG","KEGG_DILATED_CARDIOMYOPATHY","hsa05414","ITGA6",52
"53","KEGG","KEGG_DILATED_CARDIOMYOPATHY","hsa05414","ITGA1",53
"54","KEGG","KEGG_DILATED_CARDIOMYOPATHY","hsa05414","ITGA2",54
"55","KEGG","KEGG_DILATED_CARDIOMYOPATHY","hsa05414","ITGA2B",55
"56","KEGG","KEGG_DILATED_CARDIOMYOPATHY","hsa05414","ITGA3",56
"57","KEGG","KEGG_DILATED_CARDIOMYOPATHY","hsa05414","ITGA4",57
"58","KEGG","KEGG_DILATED_CARDIOMYOPATHY","hsa05414","ITGA5",58
"59","KEGG","KEGG_DILATED_CARDIOMYOPATHY","hsa05414","ITGA7",59
"60","KEGG","KEGG_DILATED_CARDIOMYOPATHY","hsa05414","ITGA9",60
"61","KEGG","KEGG_DILATED_CARDIOMYOPATHY","hsa05414","ITGAV",61
"62","KEGG","KEGG_DILATED_CARDIOMYOPATHY","hsa05414","ITGA10",62
"63","KEGG","KEGG_DILATED_CARDIOMYOPATHY","hsa05414","ITGA8",63
"64","KEGG","KEGG_DILATED_CARDIOMYOPATHY","hsa05414","ITGB1",64
"65","KEGG","KEGG_DILATED_CARDIOMYOPATHY","hsa05414","ITGB3",65
"66","KEGG","KEGG_DILATED_CARDIOMYOPATHY","hsa05414","ITGB4",66
"67","KEGG","KEGG_DILATED_CARDIOMYOPATHY","hsa05414","ITGB5",67
"68","KEGG","KEGG_DILATED_CARDIOMYOPATHY","hsa05414","ITGB6",68
"69","KEGG","KEGG_DILATED_CARDIOMYOPATHY","hsa05414","ITGB7",69
"70","KEGG","KEGG_DILATED_CARDIOMYOPATHY","hsa05414","ITGB8",70
"71","KEGG","KEGG_PPAR_SIGNALING_PATHWAY","hsa03320","CD36",71
"72","KEGG","KEGG_MAPK_SIGNALING_PATHWAY","hsa04010","CSF1R",72
"73","KEGG","KEGG_MAPK_SIGNALING_PATHWAY","hsa04010","CSF1R",73
"74","KEGG","KEGG_MAPK_SIGNALING_PATHWAY","hsa04010","EGFR",74
"75","KEGG","KEGG_MAPK_SIGNALING_PATHWAY","hsa04010","EPHA2",75
"76","KEGG","KEGG_MAPK_SIGNALING_PATHWAY","hsa04010","ERBB2",76
"77","KEGG","KEGG_MAPK_SIGNALING_PATHWAY","hsa04010","ERBB3",77
"78","KEGG","KEGG_MAPK_SIGNALING_PATHWAY","hsa04010","ERBB4",78
"79","KEGG","KEGG_MAPK_SIGNALING_PATHWAY","hsa04010","FGFR1",79
"80","KEGG","KEGG_MAPK_SIGNALING_PATHWAY","hsa04010","FGFR3",80
"81","KEGG","KEGG_MAPK_SIGNALING_PATHWAY","hsa04010","FGFR2",81
"82","KEGG","KEGG_MAPK_SIGNALING_PATHWAY","hsa04010","FGFR4",82
"83","KEGG","KEGG_MAPK_SIGNALING_PATHWAY","hsa04010","FLT1",83
"84","KEGG","KEGG_MAPK_SIGNALING_PATHWAY","hsa04010","FLT3",84
"85","KEGG","KEGG_MAPK_SIGNALING_PATHWAY","hsa04010","FLT4",85
"86","KEGG","KEGG_MAPK_SIGNALING_PATHWAY","hsa04010","IGF1R",86
"87","KEGG","KEGG_MAPK_SIGNALING_PATHWAY","hsa04010","INSR",87
"88","KEGG","KEGG_MAPK_SIGNALING_PATHWAY","hsa04010","KDR",88
"89","KEGG","KEGG_MAPK_SIGNALING_PATHWAY","hsa04010","KIT",89
"90","KEGG","KEGG_MAPK_SIGNALING_PATHWAY","hsa04010","MET",90
"91","KEGG","KEGG_MAPK_SIGNALING_PATHWAY","hsa04010","NGFR",91
"92","KEGG","KEGG_MAPK_SIGNALING_PATHWAY","hsa04010","NTRK1",92
"93","KEGG","KEGG_MAPK_SIGNALING_PATHWAY","hsa04010","NTRK2",93
"94","KEGG","KEGG_MAPK_SIGNALING_PATHWAY","hsa04010","PDGFRA",94
"95","KEGG","KEGG_MAPK_SIGNALING_PATHWAY","hsa04010","PDGFRB",95
"96","KEGG","KEGG_MAPK_SIGNALING_PATHWAY","hsa04010","TEK",96
"97","KEGG","KEGG_MAPK_SIGNALING_PATHWAY","hsa04010","TNFRSF1A",97
"98","KEGG","KEGG_MAPK_SIGNALING_PATHWAY","hsa04010","IL1R1",98
"99","KEGG","KEGG_MAPK_SIGNALING_PATHWAY","hsa04010","IL1RAP",99
"100","KEGG","KEGG_MAPK_SIGNALING_PATHWAY","hsa04010","FAS",100
"101","KEGG","KEGG_MAPK_SIGNALING_PATHWAY","hsa04010","TGFBR1",101
"102","KEGG","KEGG_MAPK_SIGNALING_PATHWAY","hsa04010","TGFBR2",102
"103","KEGG","KEGG_MAPK_SIGNALING_PATHWAY","hsa04010","CD14",103
"104","KEGG","KEGG_ERBB_SIGNALING_PATHWAY","hsa04012","EGFR_ERBB2",104
"105","KEGG","KEGG_ERBB_SIGNALING_PATHWAY","hsa04012","ERBB2_ERBB3",105
"106","KEGG","KEGG_ERBB_SIGNALING_PATHWAY","hsa04012","ERBB2_ERBB4",106
"107","KEGG","KEGG_CALCIUM_SIGNALING_PATHWAY","hsa04020","CHRM3",107
"108","KEGG","KEGG_CALCIUM_SIGNALING_PATHWAY","hsa04020","ADORA2B",108
"109","KEGG","KEGG_CALCIUM_SIGNALING_PATHWAY","hsa04020","ADRB2",109
"110","KEGG","KEGG_CALCIUM_SIGNALING_PATHWAY","hsa04020","ADRB3",110
"111","KEGG","KEGG_CALCIUM_SIGNALING_PATHWAY","hsa04020","HTR6",111
"112","KEGG","KEGG_CALCIUM_SIGNALING_PATHWAY","hsa04020","EGFR",112
"113","KEGG","KEGG_CALCIUM_SIGNALING_PATHWAY","hsa04020","ERBB2",113
"114","KEGG","KEGG_CALCIUM_SIGNALING_PATHWAY","hsa04020","ERBB3",114
"115","KEGG","KEGG_CALCIUM_SIGNALING_PATHWAY","hsa04020","ERBB4",115
"116","KEGG","KEGG_CALCIUM_SIGNALING_PATHWAY","hsa04020","FGFR1",116
"117","KEGG","KEGG_CALCIUM_SIGNALING_PATHWAY","hsa04020","FGFR3",117
"118","KEGG","KEGG_CALCIUM_SIGNALING_PATHWAY","hsa04020","FGFR2",118
"119","KEGG","KEGG_CALCIUM_SIGNALING_PATHWAY","hsa04020","FGFR4",119
"120","KEGG","KEGG_CALCIUM_SIGNALING_PATHWAY","hsa04020","FLT1",120
"121","KEGG","KEGG_CALCIUM_SIGNALING_PATHWAY","hsa04020","FLT4",121
"122","KEGG","KEGG_CALCIUM_SIGNALING_PATHWAY","hsa04020","KDR",122
"123","KEGG","KEGG_CALCIUM_SIGNALING_PATHWAY","hsa04020","MET",123
"124","KEGG","KEGG_CALCIUM_SIGNALING_PATHWAY","hsa04020","MST1R",124
"125","KEGG","KEGG_CALCIUM_SIGNALING_PATHWAY","hsa04020","NTRK1",125
"126","KEGG","KEGG_CALCIUM_SIGNALING_PATHWAY","hsa04020","NTRK2",126
"127","KEGG","KEGG_CALCIUM_SIGNALING_PATHWAY","hsa04020","NTRK3",127
"128","KEGG","KEGG_CALCIUM_SIGNALING_PATHWAY","hsa04020","PDGFRA",128
"129","KEGG","KEGG_CALCIUM_SIGNALING_PATHWAY","hsa04020","PDGFRB",129
"130","KEGG","KEGG_CALCIUM_SIGNALING_PATHWAY","hsa04020","RET",130
"131","KEGG","KEGG_CHEMOKINE_SIGNALING_PATHWAY","hsa04062","CXCR6",131
"132","KEGG","KEGG_CHEMOKINE_SIGNALING_PATHWAY","hsa04062","CCR9",132
"133","KEGG","KEGG_CHEMOKINE_SIGNALING_PATHWAY","hsa04062","CCR1",133
"134","KEGG","KEGG_CHEMOKINE_SIGNALING_PATHWAY","hsa04062","CCR3",134
"135","KEGG","KEGG_CHEMOKINE_SIGNALING_PATHWAY","hsa04062","CCR4",135
"136","KEGG","KEGG_CHEMOKINE_SIGNALING_PATHWAY","hsa04062","CCR5",136
"137","KEGG","KEGG_CHEMOKINE_SIGNALING_PATHWAY","hsa04062","CCR6",137
"138","KEGG","KEGG_CHEMOKINE_SIGNALING_PATHWAY","hsa04062","CCR7",138
"139","KEGG","KEGG_CHEMOKINE_SIGNALING_PATHWAY","hsa04062","CCR8",139
"140","KEGG","KEGG_CHEMOKINE_SIGNALING_PATHWAY","hsa04062","CX3CR1",140
"141","KEGG","KEGG_CHEMOKINE_SIGNALING_PATHWAY","hsa04062","CCR10",141
"142","KEGG","KEGG_CHEMOKINE_SIGNALING_PATHWAY","hsa04062","XCR1",142
"143","KEGG","KEGG_CHEMOKINE_SIGNALING_PATHWAY","hsa04062","CXCR3",143
"144","KEGG","KEGG_CHEMOKINE_SIGNALING_PATHWAY","hsa04062","CXCR1",144
"145","KEGG","KEGG_CHEMOKINE_SIGNALING_PATHWAY","hsa04062","CXCR2",145
"146","KEGG","KEGG_CHEMOKINE_SIGNALING_PATHWAY","hsa04062","CXCR5",146
"147","KEGG","KEGG_CHEMOKINE_SIGNALING_PATHWAY","hsa04062","CCR2",147
"148","KEGG","KEGG_CHEMOKINE_SIGNALING_PATHWAY","hsa04062","CXCR4",148
"149","KEGG","KEGG_OOCYTE_MEIOSIS","hsa04114","IGF1R",149
"150","KEGG","KEGG_ENDOCYTOSIS","hsa04144","TGFBR1",150
"151","KEGG","KEGG_ENDOCYTOSIS","hsa04144","TGFBR2",151
"152","KEGG","KEGG_ENDOCYTOSIS","hsa04144","TFRC",152
"153","KEGG","KEGG_ENDOCYTOSIS","hsa04144","EGFR",153
"154","KEGG","KEGG_ENDOCYTOSIS","hsa04144","FGFR3",154
"155","KEGG","KEGG_ENDOCYTOSIS","hsa04144","FGFR2",155
"156","KEGG","KEGG_ENDOCYTOSIS","hsa04144","FGFR4",156
"157","KEGG","KEGG_ENDOCYTOSIS","hsa04144","IGF1R",157
"158","KEGG","KEGG_ENDOCYTOSIS","hsa04144","PDGFRA",158
"159","KEGG","KEGG_ENDOCYTOSIS","hsa04144","LDLR",159
"160","KEGG","KEGG_ENDOCYTOSIS","hsa04144","CCR5",160
"161","KEGG","KEGG_ENDOCYTOSIS","hsa04144","CXCR1",161
"162","KEGG","KEGG_ENDOCYTOSIS","hsa04144","CXCR2",162
"163","KEGG","KEGG_ENDOCYTOSIS","hsa04144","CXCR4",163
"164","KEGG","KEGG_ENDOCYTOSIS","hsa04144","IL2RA",164
"165","KEGG","KEGG_ENDOCYTOSIS","hsa04144","IL2RB",165
"166","KEGG","KEGG_ENDOCYTOSIS","hsa04144","IL2RG",166
"167","KEGG","KEGG_ENDOCYTOSIS","hsa04144","HLA-A",167
"168","KEGG","KEGG_ENDOCYTOSIS","hsa04144","HLA-B",168
"169","KEGG","KEGG_ENDOCYTOSIS","hsa04144","HLA-C",169
"170","KEGG","KEGG_ENDOCYTOSIS","hsa04144","HLA-E",170
"171","KEGG","KEGG_ENDOCYTOSIS","hsa04144","HLA-F",171
"172","KEGG","KEGG_ENDOCYTOSIS","hsa04144","HLA-G",172
"173","KEGG","KEGG_MTOR_SIGNALING_PATHWAY","hsa04150","FZD2",173
"174","KEGG","KEGG_MTOR_SIGNALING_PATHWAY","hsa04150","FZD3",174
"175","KEGG","KEGG_MTOR_SIGNALING_PATHWAY","hsa04150","FZD4",175
"176","KEGG","KEGG_MTOR_SIGNALING_PATHWAY","hsa04150","FZD5",176
"177","KEGG","KEGG_MTOR_SIGNALING_PATHWAY","hsa04150","FZD6",177
"178","KEGG","KEGG_MTOR_SIGNALING_PATHWAY","hsa04150","FZD7",178
"179","KEGG","KEGG_MTOR_SIGNALING_PATHWAY","hsa04150","FZD8",179
"180","KEGG","KEGG_MTOR_SIGNALING_PATHWAY","hsa04150","FZD9",180
"181","KEGG","KEGG_MTOR_SIGNALING_PATHWAY","hsa04150","FZD10",181
"182","KEGG","KEGG_MTOR_SIGNALING_PATHWAY","hsa04150","TNFRSF1A",182
"183","KEGG","KEGG_MTOR_SIGNALING_PATHWAY","hsa04150","IGF1R",183
"184","KEGG","KEGG_MTOR_SIGNALING_PATHWAY","hsa04150","INSR",184
"185","KEGG","KEGG_APOPTOSIS","hsa04210","TNFRSF10B",185
"186","KEGG","KEGG_APOPTOSIS","hsa04210","TNFRSF10A",186
"187","KEGG","KEGG_APOPTOSIS","hsa04210","FAS",187
"188","KEGG","KEGG_APOPTOSIS","hsa04210","TNFRSF1A",188
"189","KEGG","KEGG_APOPTOSIS","hsa04210","NTRK1",189
"190","KEGG","KEGG_APOPTOSIS","hsa04210","CSF2RB",190
"191","KEGG","KEGG_APOPTOSIS","hsa04210","IL3RA",191
"192","KEGG","KEGG_VASCULAR_SMOOTH_MUSCLE_CONTRACTION","hsa04270","ADRA1B",192
"193","KEGG","KEGG_VASCULAR_SMOOTH_MUSCLE_CONTRACTION","hsa04270","ADRA1A",193
"194","KEGG","KEGG_VASCULAR_SMOOTH_MUSCLE_CONTRACTION","hsa04270","AGTR1",194
"195","KEGG","KEGG_VASCULAR_SMOOTH_MUSCLE_CONTRACTION","hsa04270","EDNRA",195
"196","KEGG","KEGG_VASCULAR_SMOOTH_MUSCLE_CONTRACTION","hsa04270","AVPR1A",196
"197","KEGG","KEGG_VASCULAR_SMOOTH_MUSCLE_CONTRACTION","hsa04270","AVPR1B",197
"198","KEGG","KEGG_VASCULAR_SMOOTH_MUSCLE_CONTRACTION","hsa04270","PTGIR",198
"199","KEGG","KEGG_VASCULAR_SMOOTH_MUSCLE_CONTRACTION","hsa04270","CALCRL",199
"200","KEGG","KEGG_VASCULAR_SMOOTH_MUSCLE_CONTRACTION","hsa04270","RAMP2",200
"201","KEGG","KEGG_VASCULAR_SMOOTH_MUSCLE_CONTRACTION","hsa04270","RAMP1",201
"202","KEGG","KEGG_VASCULAR_SMOOTH_MUSCLE_CONTRACTION","hsa04270","RAMP3",202
"203","KEGG","KEGG_VASCULAR_SMOOTH_MUSCLE_CONTRACTION","hsa04270","NPR1",203
"204","KEGG","KEGG_VASCULAR_SMOOTH_MUSCLE_CONTRACTION","hsa04270","NPR2",204
"205","KEGG","KEGG_WNT_SIGNALING_PATHWAY","hsa04310","LGR4",205
"206","KEGG","KEGG_WNT_SIGNALING_PATHWAY","hsa04310","LGR6",206
"207","KEGG","KEGG_WNT_SIGNALING_PATHWAY","hsa04310","LGR5",207
"208","KEGG","KEGG_WNT_SIGNALING_PATHWAY","hsa04310","FZD2",208
"209","KEGG","KEGG_WNT_SIGNALING_PATHWAY","hsa04310","FZD3",209
"210","KEGG","KEGG_WNT_SIGNALING_PATHWAY","hsa04310","FZD4",210
"211","KEGG","KEGG_WNT_SIGNALING_PATHWAY","hsa04310","FZD5",211
"212","KEGG","KEGG_WNT_SIGNALING_PATHWAY","hsa04310","FZD6",212
"213","KEGG","KEGG_WNT_SIGNALING_PATHWAY","hsa04310","FZD7",213
"214","KEGG","KEGG_WNT_SIGNALING_PATHWAY","hsa04310","FZD8",214
"215","KEGG","KEGG_WNT_SIGNALING_PATHWAY","hsa04310","FZD9",215
"216","KEGG","KEGG_WNT_SIGNALING_PATHWAY","hsa04310","FZD10",216
"217","KEGG","KEGG_WNT_SIGNALING_PATHWAY","hsa04310","GPC4",217
"218","KEGG","KEGG_WNT_SIGNALING_PATHWAY","hsa04310","ROR1",218
"219","KEGG","KEGG_WNT_SIGNALING_PATHWAY","hsa04310","ROR2",219
"220","KEGG","KEGG_WNT_SIGNALING_PATHWAY","hsa04310","RYK",220
"221","KEGG","KEGG_DORSO_VENTRAL_AXIS_FORMATION","hsa04320","EGFR",221
"222","KEGG","KEGG_NOTCH_SIGNALING_PATHWAY","hsa04330","NOTCH1",222
"223","KEGG","KEGG_NOTCH_SIGNALING_PATHWAY","hsa04330","NOTCH2",223
"224","KEGG","KEGG_NOTCH_SIGNALING_PATHWAY","hsa04330","NOTCH3",224
"225","KEGG","KEGG_NOTCH_SIGNALING_PATHWAY","hsa04330","NOTCH4",225
"226","KEGG","KEGG_HEDGEHOG_SIGNALING_PATHWAY","hsa04340","PTCH1",226
"227","KEGG","KEGG_HEDGEHOG_SIGNALING_PATHWAY","hsa04340","PTCH2",227
"228","KEGG","KEGG_HEDGEHOG_SIGNALING_PATHWAY","hsa04340","LRP2",228
"229","KEGG","KEGG_HEDGEHOG_SIGNALING_PATHWAY","hsa04340","CDON",229
"230","KEGG","KEGG_HEDGEHOG_SIGNALING_PATHWAY","hsa04340","BOC",230
"231","KEGG","KEGG_HEDGEHOG_SIGNALING_PATHWAY","hsa04340","SMO",231
"232","KEGG","KEGG_TGF_BETA_SIGNALING_PATHWAY","hsa04350","BMPR1A",232
"233","KEGG","KEGG_TGF_BETA_SIGNALING_PATHWAY","hsa04350","BMPR1B",233
"234","KEGG","KEGG_TGF_BETA_SIGNALING_PATHWAY","hsa04350","ACVR1",234
"235","KEGG","KEGG_TGF_BETA_SIGNALING_PATHWAY","hsa04350","BMPR2",235
"236","KEGG","KEGG_TGF_BETA_SIGNALING_PATHWAY","hsa04350","ACVR2A",236
"237","KEGG","KEGG_TGF_BETA_SIGNALING_PATHWAY","hsa04350","RGMA",237
"238","KEGG","KEGG_TGF_BETA_SIGNALING_PATHWAY","hsa04350","TGFBR1_TGFBR2",238
"239","KEGG","KEGG_TGF_BETA_SIGNALING_PATHWAY","hsa04350","ACVR1C",239
"240","KEGG","KEGG_TGF_BETA_SIGNALING_PATHWAY","hsa04350","ACVR1B",240
"241","KEGG","KEGG_TGF_BETA_SIGNALING_PATHWAY","hsa04350","ACVR2A",241
"242","KEGG","KEGG_TGF_BETA_SIGNALING_PATHWAY","hsa04350","ACVR2B",242
"243","KEGG","KEGG_AXON_GUIDANCE","hsa04360","LRRC4C",243
"244","KEGG","KEGG_AXON_GUIDANCE","hsa04360","DCC",244
"245","KEGG","KEGG_AXON_GUIDANCE","hsa04360","UNC5A",245
"246","KEGG","KEGG_AXON_GUIDANCE","hsa04360","UNC5B",246
"247","KEGG","KEGG_AXON_GUIDANCE","hsa04360","UNC5C",247
"248","KEGG","KEGG_AXON_GUIDANCE","hsa04360","UNC5D",248
"249","KEGG","KEGG_AXON_GUIDANCE","hsa04360","NEO1",249
"250","KEGG","KEGG_AXON_GUIDANCE","hsa04360","EPHA1",250
"251","KEGG","KEGG_AXON_GUIDANCE","hsa04360","EPHA2",251
"252","KEGG","KEGG_AXON_GUIDANCE","hsa04360","EPHA3",252
"253","KEGG","KEGG_AXON_GUIDANCE","hsa04360","EPHA4",253
"254","KEGG","KEGG_AXON_GUIDANCE","hsa04360","EPHA5",254
"255","KEGG","KEGG_AXON_GUIDANCE","hsa04360","EPHA6",255
"256","KEGG","KEGG_AXON_GUIDANCE","hsa04360","EPHA7",256
"257","KEGG","KEGG_AXON_GUIDANCE","hsa04360","EPHA8",257
"258","KEGG","KEGG_AXON_GUIDANCE","hsa04360","EPHB1",258
"259","KEGG","KEGG_AXON_GUIDANCE","hsa04360","EPHB2",259
"260","KEGG","KEGG_AXON_GUIDANCE","hsa04360","EPHB3",260
"261","KEGG","KEGG_AXON_GUIDANCE","hsa04360","EPHB4",261
"262","KEGG","KEGG_AXON_GUIDANCE","hsa04360","EPHB6",262
"263","KEGG","KEGG_AXON_GUIDANCE","hsa04360","CXCR4",263
"264","KEGG","KEGG_AXON_GUIDANCE","hsa04360","ROBO1",264
"265","KEGG","KEGG_AXON_GUIDANCE","hsa04360","ROBO2",265
"266","KEGG","KEGG_AXON_GUIDANCE","hsa04360","NRP1",266
"267","KEGG","KEGG_AXON_GUIDANCE","hsa04360","L1CAM",267
"268","KEGG","KEGG_AXON_GUIDANCE","hsa04360","PLXNA1",268
"269","KEGG","KEGG_AXON_GUIDANCE","hsa04360","PLXNA2",269
"270","KEGG","KEGG_AXON_GUIDANCE","hsa04360","PLXNA3",270
"271","KEGG","KEGG_AXON_GUIDANCE","hsa04360","PLXNA4",271
"272","KEGG","KEGG_AXON_GUIDANCE","hsa04360","MET",272
"273","KEGG","KEGG_AXON_GUIDANCE","hsa04360","PLXNC1",273
"274","KEGG","KEGG_AXON_GUIDANCE","hsa04360","ITGB1",274
"275","KEGG","KEGG_AXON_GUIDANCE","hsa04360","PTCH1",275
"276","KEGG","KEGG_AXON_GUIDANCE","hsa04360","SMO",276
"277","KEGG","KEGG_AXON_GUIDANCE","hsa04360","BOC",277
"278","KEGG","KEGG_AXON_GUIDANCE","hsa04360","FZD3",278
"279","KEGG","KEGG_AXON_GUIDANCE","hsa04360","RYK",279
"280","KEGG","KEGG_AXON_GUIDANCE","hsa04360","BMPR2",280
"281","KEGG","KEGG_AXON_GUIDANCE","hsa04360","BMPR1B",281
"282","KEGG","KEGG_VEGF_SIGNALING_PATHWAY","hsa04370","KDR",282
"283","KEGG","KEGG_FOCAL_ADHESION","hsa04510","ITGA11",283
"284","KEGG","KEGG_FOCAL_ADHESION","hsa04510","ITGA6",284
"285","KEGG","KEGG_FOCAL_ADHESION","hsa04510","ITGA1",285
"286","KEGG","KEGG_FOCAL_ADHESION","hsa04510","ITGA2",286
"287","KEGG","KEGG_FOCAL_ADHESION","hsa04510","ITGA2B",287
"288","KEGG","KEGG_FOCAL_ADHESION","hsa04510","ITGA3",288
"289","KEGG","KEGG_FOCAL_ADHESION","hsa04510","ITGA4",289
"290","KEGG","KEGG_FOCAL_ADHESION","hsa04510","ITGA5",290
"291","KEGG","KEGG_FOCAL_ADHESION","hsa04510","ITGA7",291
"292","KEGG","KEGG_FOCAL_ADHESION","hsa04510","ITGA9",292
"293","KEGG","KEGG_FOCAL_ADHESION","hsa04510","ITGAV",293
"294","KEGG","KEGG_FOCAL_ADHESION","hsa04510","ITGA10",294
"295","KEGG","KEGG_FOCAL_ADHESION","hsa04510","ITGA8",295
"296","KEGG","KEGG_FOCAL_ADHESION","hsa04510","ITGB1",296
"297","KEGG","KEGG_FOCAL_ADHESION","hsa04510","ITGB3",297
"298","KEGG","KEGG_FOCAL_ADHESION","hsa04510","ITGB4",298
"299","KEGG","KEGG_FOCAL_ADHESION","hsa04510","ITGB5",299
"300","KEGG","KEGG_FOCAL_ADHESION","hsa04510","ITGB6",300
"301","KEGG","KEGG_FOCAL_ADHESION","hsa04510","ITGB7",301
"302","KEGG","KEGG_FOCAL_ADHESION","hsa04510","ITGB8",302
"303","KEGG","KEGG_FOCAL_ADHESION","hsa04510","EGFR",303
"304","KEGG","KEGG_FOCAL_ADHESION","hsa04510","ERBB2",304
"305","KEGG","KEGG_FOCAL_ADHESION","hsa04510","FLT1",305
"306","KEGG","KEGG_FOCAL_ADHESION","hsa04510","FLT4",306
"307","KEGG","KEGG_FOCAL_ADHESION","hsa04510","IGF1R",307
"308","KEGG","KEGG_FOCAL_ADHESION","hsa04510","KDR",308
"309","KEGG","KEGG_FOCAL_ADHESION","hsa04510","MET",309
"310","KEGG","KEGG_FOCAL_ADHESION","hsa04510","PDGFRA",310
"311","KEGG","KEGG_FOCAL_ADHESION","hsa04510","PDGFRB",311
"312","KEGG","KEGG_ADHERENS_JUNCTION","hsa04520","NECTIN1",312
"313","KEGG","KEGG_ADHERENS_JUNCTION","hsa04520","NECTIN2",313
"314","KEGG","KEGG_ADHERENS_JUNCTION","hsa04520","NECTIN3",314
"315","KEGG","KEGG_ADHERENS_JUNCTION","hsa04520","NECTIN4",315
"316","KEGG","KEGG_ADHERENS_JUNCTION","hsa04520","CDH1",316
"317","KEGG","KEGG_ADHERENS_JUNCTION","hsa04520","IGF1R",317
"318","KEGG","KEGG_ADHERENS_JUNCTION","hsa04520","INSR",318
"319","KEGG","KEGG_ADHERENS_JUNCTION","hsa04520","MET",319
"320","KEGG","KEGG_ADHERENS_JUNCTION","hsa04520","EGFR",320
"321","KEGG","KEGG_ADHERENS_JUNCTION","hsa04520","ERBB2",321
"322","KEGG","KEGG_ADHERENS_JUNCTION","hsa04520","FGFR1",322
"323","KEGG","KEGG_ADHERENS_JUNCTION","hsa04520","TGFBR1",323
"324","KEGG","KEGG_ADHERENS_JUNCTION","hsa04520","TGFBR2",324
"325","KEGG","KEGG_TIGHT_JUNCTION","hsa04530","F11R",325
"326","KEGG","KEGG_TIGHT_JUNCTION","hsa04530","JAM2",326
"327","KEGG","KEGG_TIGHT_JUNCTION","hsa04530","JAM3",327
"328","KEGG","KEGG_GAP_JUNCTION","hsa04540","EGFR",328
"329","KEGG","KEGG_GAP_JUNCTION","hsa04540","PDGFRA",329
"330","KEGG","KEGG_GAP_JUNCTION","hsa04540","PDGFRB",330
"331","KEGG","KEGG_GAP_JUNCTION","hsa04540","HTR2A",331
"332","KEGG","KEGG_GAP_JUNCTION","hsa04540","HTR2C",332
"333","KEGG","KEGG_GAP_JUNCTION","hsa04540","GRM1",333
"334","KEGG","KEGG_GAP_JUNCTION","hsa04540","GRM5",334
"335","KEGG","KEGG_TOLL_LIKE_RECEPTOR_SIGNALING_PATHWAY","hsa04620","CD14",335
"336","KEGG","KEGG_TOLL_LIKE_RECEPTOR_SIGNALING_PATHWAY","hsa04620","TLR4",336
"337","KEGG","KEGG_TOLL_LIKE_RECEPTOR_SIGNALING_PATHWAY","hsa04620","IFNAR1",337
"338","KEGG","KEGG_TOLL_LIKE_RECEPTOR_SIGNALING_PATHWAY","hsa04620","IFNAR2",338
"339","KEGG","KEGG_NOD_LIKE_RECEPTOR_SIGNALING_PATHWAY","hsa04621","TLR4",339
"340","KEGG","KEGG_NOD_LIKE_RECEPTOR_SIGNALING_PATHWAY","hsa04621","IFNAR1",340
"341","KEGG","KEGG_NOD_LIKE_RECEPTOR_SIGNALING_PATHWAY","hsa04621","IFNAR2",341
"342","KEGG","KEGG_JAK_STAT_SIGNALING_PATHWAY","hsa04630","IL22RA2",342
"343","KEGG","KEGG_JAK_STAT_SIGNALING_PATHWAY","hsa04630","CNTFR",343
"344","KEGG","KEGG_JAK_STAT_SIGNALING_PATHWAY","hsa04630","CSF2RA",344
"345","KEGG","KEGG_JAK_STAT_SIGNALING_PATHWAY","hsa04630","CSF2RB",345
"346","KEGG","KEGG_JAK_STAT_SIGNALING_PATHWAY","hsa04630","CSF3R",346
"347","KEGG","KEGG_JAK_STAT_SIGNALING_PATHWAY","hsa04630","IL23R",347
"348","KEGG","KEGG_JAK_STAT_SIGNALING_PATHWAY","hsa04630","IFNLR1",348
"349","KEGG","KEGG_JAK_STAT_SIGNALING_PATHWAY","hsa04630","EGFR",349
"350","KEGG","KEGG_JAK_STAT_SIGNALING_PATHWAY","hsa04630","EPOR",350
"351","KEGG","KEGG_JAK_STAT_SIGNALING_PATHWAY","hsa04630","GHR",351
"352","KEGG","KEGG_JAK_STAT_SIGNALING_PATHWAY","hsa04630","IFNAR1",352
"353","KEGG","KEGG_JAK_STAT_SIGNALING_PATHWAY","hsa04630","IFNAR2",353
"354","KEGG","KEGG_JAK_STAT_SIGNALING_PATHWAY","hsa04630","IFNGR1",354
"355","KEGG","KEGG_JAK_STAT_SIGNALING_PATHWAY","hsa04630","IFNGR2",355
"356","KEGG","KEGG_JAK_STAT_SIGNALING_PATHWAY","hsa04630","IL2RA",356
"357","KEGG","KEGG_JAK_STAT_SIGNALING_PATHWAY","hsa04630","IL2RB",357
"358","KEGG","KEGG_JAK_STAT_SIGNALING_PATHWAY","hsa04630","IL2RG",358
"359","KEGG","KEGG_JAK_STAT_SIGNALING_PATHWAY","hsa04630","IL3RA",359
"360","KEGG","KEGG_JAK_STAT_SIGNALING_PATHWAY","hsa04630","IL4R",360
"361","KEGG","KEGG_JAK_STAT_SIGNALING_PATHWAY","hsa04630","IL5RA",361
"362","KEGG","KEGG_JAK_STAT_SIGNALING_PATHWAY","hsa04630","IL6R",362
"363","KEGG","KEGG_JAK_STAT_SIGNALING_PATHWAY","hsa04630","IL6ST",363
"364","KEGG","KEGG_JAK_STAT_SIGNALING_PATHWAY","hsa04630","IL7R",364
"365","KEGG","KEGG_JAK_STAT_SIGNALING_PATHWAY","hsa04630","IL9R",365
"366","KEGG","KEGG_JAK_STAT_SIGNALING_PATHWAY","hsa04630","IL10RA",366
"367","KEGG","KEGG_JAK_STAT_SIGNALING_PATHWAY","hsa04630","IL10RB",367
"368","KEGG","KEGG_JAK_STAT_SIGNALING_PATHWAY","hsa04630","IL11RA",368
"369","KEGG","KEGG_JAK_STAT_SIGNALING_PATHWAY","hsa04630","IL12RB1",369
"370","KEGG","KEGG_JAK_STAT_SIGNALING_PATHWAY","hsa04630","IL12RB2",370
"371","KEGG","KEGG_JAK_STAT_SIGNALING_PATHWAY","hsa04630","IL13RA1",371
"372","KEGG","KEGG_JAK_STAT_SIGNALING_PATHWAY","hsa04630","IL13RA2",372
"373","KEGG","KEGG_JAK_STAT_SIGNALING_PATHWAY","hsa04630","IL15RA",373
"374","KEGG","KEGG_JAK_STAT_SIGNALING_PATHWAY","hsa04630","LEPR",374
"375","KEGG","KEGG_JAK_STAT_SIGNALING_PATHWAY","hsa04630","LIFR",375
"376","KEGG","KEGG_JAK_STAT_SIGNALING_PATHWAY","hsa04630","MPL",376
"377","KEGG","KEGG_JAK_STAT_SIGNALING_PATHWAY","hsa04630","IL21R",377
"378","KEGG","KEGG_JAK_STAT_SIGNALING_PATHWAY","hsa04630","PDGFRA",378
"379","KEGG","KEGG_JAK_STAT_SIGNALING_PATHWAY","hsa04630","PDGFRB",379
"380","KEGG","KEGG_JAK_STAT_SIGNALING_PATHWAY","hsa04630","IL20RA",380
"381","KEGG","KEGG_JAK_STAT_SIGNALING_PATHWAY","hsa04630","IL20RB",381
"382","KEGG","KEGG_JAK_STAT_SIGNALING_PATHWAY","hsa04630","PRLR",382
"383","KEGG","KEGG_JAK_STAT_SIGNALING_PATHWAY","hsa04630","IL22RA1",383
"384","KEGG","KEGG_JAK_STAT_SIGNALING_PATHWAY","hsa04630","CRLF2",384
"385","KEGG","KEGG_JAK_STAT_SIGNALING_PATHWAY","hsa04630","OSMR",385
"386","KEGG","KEGG_JAK_STAT_SIGNALING_PATHWAY","hsa04630","IL27RA",386
"387","KEGG","KEGG_NATURAL_KILLER_CELL_MEDIATED_CYTOTOXICITY","hsa04650","KIR3DL1",387
"388","KEGG","KEGG_NATURAL_KILLER_CELL_MEDIATED_CYTOTOXICITY","hsa04650","KIR3DL2",388
"389","KEGG","KEGG_NATURAL_KILLER_CELL_MEDIATED_CYTOTOXICITY","hsa04650","KIR2DL1",389
"390","KEGG","KEGG_NATURAL_KILLER_CELL_MEDIATED_CYTOTOXICITY","hsa04650","KIR2DL2",390
"391","KEGG","KEGG_NATURAL_KILLER_CELL_MEDIATED_CYTOTOXICITY","hsa04650","KIR2DL3",391
"392","KEGG","KEGG_NATURAL_KILLER_CELL_MEDIATED_CYTOTOXICITY","hsa04650","KLRC1_KLRD1",392
"393","KEGG","KEGG_NATURAL_KILLER_CELL_MEDIATED_CYTOTOXICITY","hsa04650","ITGAL_ITGB2",393
"394","KEGG","KEGG_NATURAL_KILLER_CELL_MEDIATED_CYTOTOXICITY","hsa04650","KIR2DS1",394
"395","KEGG","KEGG_NATURAL_KILLER_CELL_MEDIATED_CYTOTOXICITY","hsa04650","KIR2DS2",395
"396","KEGG","KEGG_NATURAL_KILLER_CELL_MEDIATED_CYTOTOXICITY","hsa04650","KIR2DS4",396
"397","KEGG","KEGG_NATURAL_KILLER_CELL_MEDIATED_CYTOTOXICITY","hsa04650","KLRC2_KLRD1",397
"398","KEGG","KEGG_NATURAL_KILLER_CELL_MEDIATED_CYTOTOXICITY","hsa04650","KLRC3_KLRD1",398
"399","KEGG","KEGG_NATURAL_KILLER_CELL_MEDIATED_CYTOTOXICITY","hsa04650","FCGR3B",399
"400","KEGG","KEGG_NATURAL_KILLER_CELL_MEDIATED_CYTOTOXICITY","hsa04650","NCR3",400
"401","KEGG","KEGG_NATURAL_KILLER_CELL_MEDIATED_CYTOTOXICITY","hsa04650","CD244",401
"402","KEGG","KEGG_NATURAL_KILLER_CELL_MEDIATED_CYTOTOXICITY","hsa04650","IFNAR1",402
"403","KEGG","KEGG_NATURAL_KILLER_CELL_MEDIATED_CYTOTOXICITY","hsa04650","IFNAR2",403
"404","KEGG","KEGG_NATURAL_KILLER_CELL_MEDIATED_CYTOTOXICITY","hsa04650","IFNGR1",404
"405","KEGG","KEGG_NATURAL_KILLER_CELL_MEDIATED_CYTOTOXICITY","hsa04650","IFNGR2",405
"406","KEGG","KEGG_NATURAL_KILLER_CELL_MEDIATED_CYTOTOXICITY","hsa04650","KLRK1",406
"407","KEGG","KEGG_T_CELL_RECEPTOR_SIGNALING_PATHWAY","hsa04660","PDCD1",407
"408","KEGG","KEGG_T_CELL_RECEPTOR_SIGNALING_PATHWAY","hsa04660","CTLA4",408
"409","KEGG","KEGG_T_CELL_RECEPTOR_SIGNALING_PATHWAY","hsa04660","PTPRC",409
"410","KEGG","KEGG_T_CELL_RECEPTOR_SIGNALING_PATHWAY","hsa04660","CD4",410
"411","KEGG","KEGG_T_CELL_RECEPTOR_SIGNALING_PATHWAY","hsa04660","CD8A",411
"412","KEGG","KEGG_T_CELL_RECEPTOR_SIGNALING_PATHWAY","hsa04660","CD40LG",412
"413","KEGG","KEGG_T_CELL_RECEPTOR_SIGNALING_PATHWAY","hsa04660","ICOS",413
"414","KEGG","KEGG_T_CELL_RECEPTOR_SIGNALING_PATHWAY","hsa04660","CD28",414
"415","KEGG","KEGG_T_CELL_RECEPTOR_SIGNALING_PATHWAY","hsa04660","CD247",415
"416","KEGG","KEGG_B_CELL_RECEPTOR_SIGNALING_PATHWAY","hsa04662","LILRB2",416
"417","KEGG","KEGG_B_CELL_RECEPTOR_SIGNALING_PATHWAY","hsa04662","LILRB1",417
"418","KEGG","KEGG_B_CELL_RECEPTOR_SIGNALING_PATHWAY","hsa04662","LILRB4",418
"419","KEGG","KEGG_B_CELL_RECEPTOR_SIGNALING_PATHWAY","hsa04662","LILRA1",419
"420","KEGG","KEGG_B_CELL_RECEPTOR_SIGNALING_PATHWAY","hsa04662","LILRA3",420
"421","KEGG","KEGG_B_CELL_RECEPTOR_SIGNALING_PATHWAY","hsa04662","LILRA4",421
"422","KEGG","KEGG_B_CELL_RECEPTOR_SIGNALING_PATHWAY","hsa04662","CD22",422
"423","KEGG","KEGG_B_CELL_RECEPTOR_SIGNALING_PATHWAY","hsa04662","CD79A",423
"424","KEGG","KEGG_B_CELL_RECEPTOR_SIGNALING_PATHWAY","hsa04662","CD81",424
"425","KEGG","KEGG_B_CELL_RECEPTOR_SIGNALING_PATHWAY","hsa04662","CD19",425
"426","KEGG","KEGG_B_CELL_RECEPTOR_SIGNALING_PATHWAY","hsa04662","CR2",426
"427","KEGG","KEGG_FC_GAMMA_R_MEDIATED_PHAGOCYTOSIS","hsa04666","FCGR1A",427
"428","KEGG","KEGG_FC_GAMMA_R_MEDIATED_PHAGOCYTOSIS","hsa04666","PTPRC",428
"429","KEGG","KEGG_FC_GAMMA_R_MEDIATED_PHAGOCYTOSIS","hsa04666","FCGR3B",429
"430","KEGG","KEGG_LONG_TERM_POTENTIATION","hsa04720","GRM1",430
"431","KEGG","KEGG_LONG_TERM_POTENTIATION","hsa04720","GRM5",431
"432","KEGG","KEGG_NEUROTROPHIN_SIGNALING_PATHWAY","hsa04722","NTRK1",432
"433","KEGG","KEGG_NEUROTROPHIN_SIGNALING_PATHWAY","hsa04722","NTRK2",433
"434","KEGG","KEGG_NEUROTROPHIN_SIGNALING_PATHWAY","hsa04722","NTRK3",434
"435","KEGG","KEGG_NEUROTROPHIN_SIGNALING_PATHWAY","hsa04722","NGFR",435
"436","KEGG","KEGG_LONG_TERM_DEPRESSION","hsa04730","GRM1",436
"437","KEGG","KEGG_LONG_TERM_DEPRESSION","hsa04730","CRHR1",437
"438","KEGG","KEGG_LONG_TERM_DEPRESSION","hsa04730","IGF1R",438
"439","KEGG","KEGG_REGULATION_OF_ACTIN_CYTOSKELETON","hsa04810","LPAR2",439
"440","KEGG","KEGG_REGULATION_OF_ACTIN_CYTOSKELETON","hsa04810","LPAR4",440
"441","KEGG","KEGG_REGULATION_OF_ACTIN_CYTOSKELETON","hsa04810","CXCR4",441
"442","KEGG","KEGG_REGULATION_OF_ACTIN_CYTOSKELETON","hsa04810","F2R",442
"443","KEGG","KEGG_REGULATION_OF_ACTIN_CYTOSKELETON","hsa04810","EGFR",443
"444","KEGG","KEGG_REGULATION_OF_ACTIN_CYTOSKELETON","hsa04810","FGFR1",444
"445","KEGG","KEGG_REGULATION_OF_ACTIN_CYTOSKELETON","hsa04810","FGFR3",445
"446","KEGG","KEGG_REGULATION_OF_ACTIN_CYTOSKELETON","hsa04810","FGFR2",446
"447","KEGG","KEGG_REGULATION_OF_ACTIN_CYTOSKELETON","hsa04810","FGFR4",447
"448","KEGG","KEGG_REGULATION_OF_ACTIN_CYTOSKELETON","hsa04810","INSRR",448
"449","KEGG","KEGG_REGULATION_OF_ACTIN_CYTOSKELETON","hsa04810","PDGFRA",449
"450","KEGG","KEGG_REGULATION_OF_ACTIN_CYTOSKELETON","hsa04810","PDGFRB",450
"451","KEGG","KEGG_REGULATION_OF_ACTIN_CYTOSKELETON","hsa04810","ITGA11",451
"452","KEGG","KEGG_REGULATION_OF_ACTIN_CYTOSKELETON","hsa04810","ITGA6",452
"453","KEGG","KEGG_REGULATION_OF_ACTIN_CYTOSKELETON","hsa04810","ITGA1",453
"454","KEGG","KEGG_REGULATION_OF_ACTIN_CYTOSKELETON","hsa04810","ITGA2",454
"455","KEGG","KEGG_REGULATION_OF_ACTIN_CYTOSKELETON","hsa04810","ITGA2B",455
"456","KEGG","KEGG_REGULATION_OF_ACTIN_CYTOSKELETON","hsa04810","ITGA3",456
"457","KEGG","KEGG_REGULATION_OF_ACTIN_CYTOSKELETON","hsa04810","ITGA4",457
"458","KEGG","KEGG_REGULATION_OF_ACTIN_CYTOSKELETON","hsa04810","ITGA5",458
"459","KEGG","KEGG_REGULATION_OF_ACTIN_CYTOSKELETON","hsa04810","ITGA9",459
"460","KEGG","KEGG_REGULATION_OF_ACTIN_CYTOSKELETON","hsa04810","ITGAD",460
"461","KEGG","KEGG_REGULATION_OF_ACTIN_CYTOSKELETON","hsa04810","ITGAE",461
"462","KEGG","KEGG_REGULATION_OF_ACTIN_CYTOSKELETON","hsa04810","ITGAL",462
"463","KEGG","KEGG_REGULATION_OF_ACTIN_CYTOSKELETON","hsa04810","ITGAM",463
"464","KEGG","KEGG_REGULATION_OF_ACTIN_CYTOSKELETON","hsa04810","ITGAV",464
"465","KEGG","KEGG_REGULATION_OF_ACTIN_CYTOSKELETON","hsa04810","ITGAX",465
"466","KEGG","KEGG_REGULATION_OF_ACTIN_CYTOSKELETON","hsa04810","ITGB1",466
"467","KEGG","KEGG_REGULATION_OF_ACTIN_CYTOSKELETON","hsa04810","ITGB2",467
"468","KEGG","KEGG_REGULATION_OF_ACTIN_CYTOSKELETON","hsa04810","ITGB3",468
"469","KEGG","KEGG_REGULATION_OF_ACTIN_CYTOSKELETON","hsa04810","ITGB4",469
"470","KEGG","KEGG_REGULATION_OF_ACTIN_CYTOSKELETON","hsa04810","ITGB5",470
"471","KEGG","KEGG_REGULATION_OF_ACTIN_CYTOSKELETON","hsa04810","ITGB6",471
"472","KEGG","KEGG_REGULATION_OF_ACTIN_CYTOSKELETON","hsa04810","ITGB7",472
"473","KEGG","KEGG_REGULATION_OF_ACTIN_CYTOSKELETON","hsa04810","ITGB8",473
"474","KEGG","KEGG_REGULATION_OF_ACTIN_CYTOSKELETON","hsa04810","ITGA10",474
"475","KEGG","KEGG_REGULATION_OF_ACTIN_CYTOSKELETON","hsa04810","ITGA8",475
"476","KEGG","KEGG_REGULATION_OF_ACTIN_CYTOSKELETON","hsa04810","CHRM3",476
"477","KEGG","KEGG_REGULATION_OF_ACTIN_CYTOSKELETON","hsa04810","BDKRB1",477
"478","KEGG","KEGG_REGULATION_OF_ACTIN_CYTOSKELETON","hsa04810","BDKRB2",478
"479","KEGG","KEGG_INSULIN_SIGNALING_PATHWAY","hsa04910","INSR",479
"480","KEGG","KEGG_INSULIN_SIGNALING_PATHWAY","hsa04910","PTPRF",480
"481","KEGG","KEGG_GNRH_SIGNALING_PATHWAY","hsa04912","EGFR",481
"482","KEGG","KEGG_PROGESTERONE_MEDIATED_OOCYTE_MATURATION","hsa04914","IGF1R",482
"483","KEGG","KEGG_MELANOGENESIS","hsa04916","FZD2",483
"484","KEGG","KEGG_MELANOGENESIS","hsa04916","FZD3",484
"485","KEGG","KEGG_MELANOGENESIS","hsa04916","FZD4",485
"486","KEGG","KEGG_MELANOGENESIS","hsa04916","FZD5",486
"487","KEGG","KEGG_MELANOGENESIS","hsa04916","FZD6",487
"488","KEGG","KEGG_MELANOGENESIS","hsa04916","FZD7",488
"489","KEGG","KEGG_MELANOGENESIS","hsa04916","FZD8",489
"490","KEGG","KEGG_MELANOGENESIS","hsa04916","FZD9",490
"491","KEGG","KEGG_MELANOGENESIS","hsa04916","FZD10",491
"492","KEGG","KEGG_MELANOGENESIS","hsa04916","KIT",492
"493","KEGG","KEGG_MELANOGENESIS","hsa04916","EDNRB",493
"494","KEGG","KEGG_ADIPOCYTOKINE_SIGNALING_PATHWAY","hsa04920","TNFRSF1A",494
"495","KEGG","KEGG_ADIPOCYTOKINE_SIGNALING_PATHWAY","hsa04920","TNFRSF1B",495
"496","KEGG","KEGG_ADIPOCYTOKINE_SIGNALING_PATHWAY","hsa04920","LEPR",496
"497","KEGG","KEGG_ADIPOCYTOKINE_SIGNALING_PATHWAY","hsa04920","ADIPOR1",497
"498","KEGG","KEGG_ADIPOCYTOKINE_SIGNALING_PATHWAY","hsa04920","ADIPOR2",498
"499","KEGG","KEGG_TYPE_II_DIABETES_MELLITUS","hsa04930","INSR",499
"500","KEGG","KEGG_ALDOSTERONE_REGULATED_SODIUM_REABSORPTION","hsa04960","INSR",500
"501","KEGG","KEGG_VASOPRESSIN_REGULATED_WATER_REABSORPTION","hsa04962","AVPR2",501
"502","KEGG","KEGG_ALZHEIMERS_DISEASE","hsa05010","APP",502
"503","KEGG","KEGG_ALZHEIMERS_DISEASE","hsa05010","LRP1",503
"504","KEGG","KEGG_ALZHEIMERS_DISEASE","hsa05010","FAS",504
"505","KEGG","KEGG_ALZHEIMERS_DISEASE","hsa05010","TNFRSF1A",505
"506","KEGG","KEGG_ALZHEIMERS_DISEASE","hsa05010","CHRM3",506
"507","KEGG","KEGG_ALZHEIMERS_DISEASE","hsa05010","GRM5",507
"508","KEGG","KEGG_ALZHEIMERS_DISEASE","hsa05010","FZD2",508
"509","KEGG","KEGG_ALZHEIMERS_DISEASE","hsa05010","FZD3",509
"510","KEGG","KEGG_ALZHEIMERS_DISEASE","hsa05010","FZD4",510
"511","KEGG","KEGG_ALZHEIMERS_DISEASE","hsa05010","FZD5",511
"512","KEGG","KEGG_ALZHEIMERS_DISEASE","hsa05010","FZD6",512
"513","KEGG","KEGG_ALZHEIMERS_DISEASE","hsa05010","FZD7",513
"514","KEGG","KEGG_ALZHEIMERS_DISEASE","hsa05010","FZD8",514
"515","KEGG","KEGG_ALZHEIMERS_DISEASE","hsa05010","FZD9",515
"516","KEGG","KEGG_ALZHEIMERS_DISEASE","hsa05010","FZD10",516
"517","KEGG","KEGG_ALZHEIMERS_DISEASE","hsa05010","LRP5",517
"518","KEGG","KEGG_ALZHEIMERS_DISEASE","hsa05010","LRP6",518
"519","KEGG","KEGG_ALZHEIMERS_DISEASE","hsa05010","AGER",519
"520","KEGG","KEGG_ALZHEIMERS_DISEASE","hsa05010","TNFRSF1A",520
"521","KEGG","KEGG_ALZHEIMERS_DISEASE","hsa05010","INSR",521
"522","KEGG","KEGG_AMYOTROPHIC_LATERAL_SCLEROSIS_ALS","hsa05014","TNFRSF1A",522
"523","KEGG","KEGG_AMYOTROPHIC_LATERAL_SCLEROSIS_ALS","hsa05014","TNFRSF1B",523
"524","KEGG","KEGG_AMYOTROPHIC_LATERAL_SCLEROSIS_ALS","hsa05014","ERBB4",524
"525","KEGG","KEGG_HUNTINGTONS_DISEASE","hsa05016","GRM5",525
"526","KEGG","KEGG_PRION_DISEASES","hsa05020","NOTCH1",526
"527","KEGG","KEGG_EPITHELIAL_CELL_SIGNALING_IN_HELICOBACTER_PYLORI_INFECTION","hsa05120","ADAM17",527
"528","KEGG","KEGG_EPITHELIAL_CELL_SIGNALING_IN_HELICOBACTER_PYLORI_INFECTION","hsa05120","EGFR",528
"529","KEGG","KEGG_EPITHELIAL_CELL_SIGNALING_IN_HELICOBACTER_PYLORI_INFECTION","hsa05120","ADAM10",529
"530","KEGG","KEGG_EPITHELIAL_CELL_SIGNALING_IN_HELICOBACTER_PYLORI_INFECTION","hsa05120","CXCR1",530
"531","KEGG","KEGG_EPITHELIAL_CELL_SIGNALING_IN_HELICOBACTER_PYLORI_INFECTION","hsa05120","CXCR2",531
"532","KEGG","KEGG_EPITHELIAL_CELL_SIGNALING_IN_HELICOBACTER_PYLORI_INFECTION","hsa05120","PTPRZ1",532
"533","KEGG","KEGG_LEISHMANIA_INFECTION","hsa05140","TLR2",533
"534","KEGG","KEGG_LEISHMANIA_INFECTION","hsa05140","TLR4",534
"535","KEGG","KEGG_LEISHMANIA_INFECTION","hsa05140","CR1",535
"536","KEGG","KEGG_LEISHMANIA_INFECTION","hsa05140","ITGAM",536
"537","KEGG","KEGG_LEISHMANIA_INFECTION","hsa05140","ITGB2",537
"538","KEGG","KEGG_LEISHMANIA_INFECTION","hsa05140","FCGR1A",538
"539","KEGG","KEGG_LEISHMANIA_INFECTION","hsa05140","FCGR3B",539
"540","KEGG","KEGG_LEISHMANIA_INFECTION","hsa05140","ITGA4",540
"541","KEGG","KEGG_LEISHMANIA_INFECTION","hsa05140","ITGB1",541
"542","KEGG","KEGG_LEISHMANIA_INFECTION","hsa05140","IFNGR1_IFNGR2",542
"543","KEGG","KEGG_COLORECTAL_CANCER","hsa05210","DCC",543
"544","KEGG","KEGG_COLORECTAL_CANCER","hsa05210","TGFBR1_TGFBR2",544
"545","KEGG","KEGG_COLORECTAL_CANCER","hsa05210","EGFR",545
"546","KEGG","KEGG_RENAL_CELL_CARCINOMA","hsa05211","MET",546
"547","KEGG","KEGG_PANCREATIC_CANCER","hsa05212","EGFR_ERBB2",547
"548","KEGG","KEGG_PANCREATIC_CANCER","hsa05212","TGFBR1_TGFBR2",548
"549","KEGG","KEGG_ENDOMETRIAL_CANCER","hsa05213","EGFR",549
"550","KEGG","KEGG_ENDOMETRIAL_CANCER","hsa05213","CDH1",550
"551","KEGG","KEGG_ENDOMETRIAL_CANCER","hsa05213","ERBB2",551
"552","KEGG","KEGG_GLIOMA","hsa05214","EGFR",552
"553","KEGG","KEGG_GLIOMA","hsa05214","PDGFRA",553
"554","KEGG","KEGG_GLIOMA","hsa05214","PDGFRB",554
"555","KEGG","KEGG_GLIOMA","hsa05214","IGF1R",555
"556","KEGG","KEGG_PROSTATE_CANCER","hsa05215","EGFR",556
"557","KEGG","KEGG_PROSTATE_CANCER","hsa05215","ERBB2",557
"558","KEGG","KEGG_PROSTATE_CANCER","hsa05215","FGFR1",558
"559","KEGG","KEGG_PROSTATE_CANCER","hsa05215","FGFR2",559
"560","KEGG","KEGG_PROSTATE_CANCER","hsa05215","IGF1R",560
"561","KEGG","KEGG_PROSTATE_CANCER","hsa05215","INSRR",561
"562","KEGG","KEGG_PROSTATE_CANCER","hsa05215","PDGFRA",562
"563","KEGG","KEGG_PROSTATE_CANCER","hsa05215","PDGFRB",563
"564","KEGG","KEGG_THYROID_CANCER","hsa05216","NTRK1",564
"565","KEGG","KEGG_THYROID_CANCER","hsa05216","CDH1",565
"566","KEGG","KEGG_BASAL_CELL_CARCINOMA","hsa05217","SMO",566
"567","KEGG","KEGG_BASAL_CELL_CARCINOMA","hsa05217","FZD2",567
"568","KEGG","KEGG_BASAL_CELL_CARCINOMA","hsa05217","FZD3",568
"569","KEGG","KEGG_BASAL_CELL_CARCINOMA","hsa05217","FZD4",569
"570","KEGG","KEGG_BASAL_CELL_CARCINOMA","hsa05217","FZD5",570
"571","KEGG","KEGG_BASAL_CELL_CARCINOMA","hsa05217","FZD6",571
"572","KEGG","KEGG_BASAL_CELL_CARCINOMA","hsa05217","FZD7",572
"573","KEGG","KEGG_BASAL_CELL_CARCINOMA","hsa05217","FZD8",573
"574","KEGG","KEGG_BASAL_CELL_CARCINOMA","hsa05217","FZD9",574
"575","KEGG","KEGG_BASAL_CELL_CARCINOMA","hsa05217","FZD10",575
"576","KEGG","KEGG_MELANOMA","hsa05218","EGFR",576
"577","KEGG","KEGG_MELANOMA","hsa05218","FGFR1",577
"578","KEGG","KEGG_MELANOMA","hsa05218","IGF1R",578
"579","KEGG","KEGG_MELANOMA","hsa05218","MET",579
"580","KEGG","KEGG_MELANOMA","hsa05218","PDGFRA",580
"581","KEGG","KEGG_MELANOMA","hsa05218","PDGFRB",581
"582","KEGG","KEGG_MELANOMA","hsa05218","CDH1",582
"583","KEGG","KEGG_BLADDER_CANCER","hsa05219","MMP2",583
"584","KEGG","KEGG_BLADDER_CANCER","hsa05219","MMP9",584
"585","KEGG","KEGG_BLADDER_CANCER","hsa05219","EGFR",585
"586","KEGG","KEGG_BLADDER_CANCER","hsa05219","ERBB2",586
"587","KEGG","KEGG_BLADDER_CANCER","hsa05219","CDH1",587
"588","KEGG","KEGG_CHRONIC_MYELOID_LEUKEMIA","hsa05220","TGFBR1_TGFBR2",588
"589","KEGG","KEGG_ACUTE_MYELOID_LEUKEMIA","hsa05221","KIT",589
"590","KEGG","KEGG_ACUTE_MYELOID_LEUKEMIA","hsa05221","FLT3",590
"591","KEGG","KEGG_SMALL_CELL_LUNG_CANCER","hsa05222","ITGA6",591
"592","KEGG","KEGG_SMALL_CELL_LUNG_CANCER","hsa05222","ITGA2",592
"593","KEGG","KEGG_SMALL_CELL_LUNG_CANCER","hsa05222","ITGA2B",593
"594","KEGG","KEGG_SMALL_CELL_LUNG_CANCER","hsa05222","ITGA3",594
"595","KEGG","KEGG_SMALL_CELL_LUNG_CANCER","hsa05222","ITGAV",595
"596","KEGG","KEGG_SMALL_CELL_LUNG_CANCER","hsa05222","ITGB1",596
"597","KEGG","KEGG_NON_SMALL_CELL_LUNG_CANCER","hsa05223","EGFR",597
"598","KEGG","KEGG_NON_SMALL_CELL_LUNG_CANCER","hsa05223","ERBB2",598
"599","KEGG","KEGG_NON_SMALL_CELL_LUNG_CANCER","hsa05223","MET",599
"600","WIKI","WP_4249_HEDGEHOG_SIGNALING_PATHWAY","WP4249","PTCH1",600
"601","WIKI","WP_4249_HEDGEHOG_SIGNALING_PATHWAY","WP4249","PTCH2",601
"602","WIKI","WP_47_HEDGEHOG_SIGNALING_PATHWAY","WP47","PTCH1",602
"603","WIKI","WP_47_HEDGEHOG_SIGNALING_PATHWAY","WP47","PTCH2",603
"604","WIKI","WP_ACE_INHIBITOR_PATHWAY","WP554","AGTR2",604
"605","WIKI","WP_ACE_INHIBITOR_PATHWAY","WP554","AGTR1",605
"606","WIKI","WP_AGERAGE_PATHWAY","WP2324","INSR",606
"607","WIKI","WP_AGERAGE_PATHWAY","WP2324","LGALS3",607
"608","WIKI","WP_AGERAGE_PATHWAY","WP2324","EGFR",608
"609","WIKI","WP_AGERAGE_PATHWAY","WP2324","AGER",609
"610","WIKI","WP_AIRWAY_SMOOTH_MUSCLE_CELL_CONTRACTION","WP4962","ADRB2",610
"611","WIKI","WP_AMPACTIVATED_PROTEIN_KINASE_SIGNALING","WP1403","INSR",611
"612","WIKI","WP_AMPACTIVATED_PROTEIN_KINASE_SIGNALING","WP1403","LEPR",612
"613","WIKI","WP_ANDROGEN_RECEPTOR_SIGNALING_PATHWAY","WP138","EGFR",613
"614","WIKI","WP_ANGIOGENESIS","WP1539","FLT1",614
"615","WIKI","WP_ANGIOGENESIS","WP1539","FGFR2",615
"616","WIKI","WP_ANGIOGENESIS","WP1539","PDGFRA",616
"617","WIKI","WP_ANGIOPOIETINLIKE_PROTEIN_8_REGULATORY_PATHWAY","WP3915","INSR",617
"618","WIKI","WP_ANGIOTENSIN_II_RECEPTOR_TYPE_1_PATHWAY","WP5036","AGTR1",618
"619","WIKI","WP_ANGIOTENSIN_II_RECEPTOR_TYPE_1_PATHWAY","WP5036","IL11RA",619
"620","WIKI","WP_ANGIOTENSIN_II_RECEPTOR_TYPE_1_PATHWAY","WP5036","MAS1",620
"621","WIKI","WP_APOE_AND_MIR146_IN_INFLAMMATION_AND_ATHEROSCLEROSIS","WP3926","TLR4",621
"622","WIKI","WP_APOE_AND_MIR146_IN_INFLAMMATION_AND_ATHEROSCLEROSIS","WP3926","TLR2",622
"623","WIKI","WP_APOPTOSIS_MODULATION_AND_SIGNALING","WP1772","TNFRSF11B",623
"624","WIKI","WP_APOPTOSIS_MODULATION_AND_SIGNALING","WP1772","TNFRSF10D",624
"625","WIKI","WP_APOPTOSIS_MODULATION_AND_SIGNALING","WP1772","TNFRSF10A",625
"626","WIKI","WP_APOPTOSIS_MODULATION_AND_SIGNALING","WP1772","TNFRSF10B",626
"627","WIKI","WP_APOPTOSIS_MODULATION_AND_SIGNALING","WP1772","FAS",627
"628","WIKI","WP_APOPTOSIS_MODULATION_AND_SIGNALING","WP1772","TNFRSF6B",628
"629","WIKI","WP_APOPTOSIS_MODULATION_AND_SIGNALING","WP1772","IL1R1",629
"630","WIKI","WP_APOPTOSIS_MODULATION_AND_SIGNALING","WP1772","TNFRSF1A",630
"631","WIKI","WP_APOPTOSIS_MODULATION_AND_SIGNALING","WP1772","TNFRSF25",631
"632","WIKI","WP_APOPTOSIS_MODULATION_AND_SIGNALING","WP1772","TNFRSF1B",632
"633","WIKI","WP_APOPTOSIS_MODULATION_AND_SIGNALING","WP1772","IL1R2",633
"634","WIKI","WP_AUTOSOMAL_RECESSIVE_OSTEOPETROSIS_PATHWAYS","WP4788","TNFRSF11A",634
"635","WIKI","WP_B_CELL_RECEPTOR_SIGNALING_PATHWAY","WP23","CD79A",635
"636","WIKI","WP_BILE_ACIDS_SYNTHESIS_AND_ENTEROHEPATIC_CIRCULATION","WP4389","LDLR",636
"637","WIKI","WP_BILE_ACIDS_SYNTHESIS_AND_ENTEROHEPATIC_CIRCULATION","WP4389","FGFR4",637
"638","WIKI","WP_BLADDER_CANCER","WP2828","FGFR3",638
"639","WIKI","WP_BLADDER_CANCER","WP2828","EGFR_ERBB2",639
"640","WIKI","WP_BMP_SIGNALING_IN_EYELID_DEVELOPMENT","WP3927","FGFR2",640
"641","WIKI","WP_BMP_SIGNALING_IN_EYELID_DEVELOPMENT","WP3927","EGFR",641
"642","WIKI","WP_BONE_MORPHOGENIC_PROTEIN_SIGNALING_AND_REGULATION","WP1425","BMPR2",642
"643","WIKI","WP_BRAINDERIVED_NEUROTROPHIC_FACTOR_BDNF_SIGNALING_PATHWAY","WP2380","NTRK1",643
"644","WIKI","WP_BRAINDERIVED_NEUROTROPHIC_FACTOR_BDNF_SIGNALING_PATHWAY","WP2380","NTRK2",644
"645","WIKI","WP_BRAINDERIVED_NEUROTROPHIC_FACTOR_BDNF_SIGNALING_PATHWAY","WP2380","NTRK3",645
"646","WIKI","WP_BRAINDERIVED_NEUROTROPHIC_FACTOR_BDNF_SIGNALING_PATHWAY","WP2380","SORT1",646
"647","WIKI","WP_BRAINDERIVED_NEUROTROPHIC_FACTOR_BDNF_SIGNALING_PATHWAY","WP2380","NGFR",647
"648","WIKI","WP_BREAST_CANCER_PATHWAY","WP4262","LRP5",648
"649","WIKI","WP_BREAST_CANCER_PATHWAY","WP4262","LRP6",649
"650","WIKI","WP_BREAST_CANCER_PATHWAY","WP4262","FZD2",650
"651","WIKI","WP_BREAST_CANCER_PATHWAY","WP4262","FZD3",651
"652","WIKI","WP_BREAST_CANCER_PATHWAY","WP4262","FZD4",652
"653","WIKI","WP_BREAST_CANCER_PATHWAY","WP4262","FZD5",653
"654","WIKI","WP_BREAST_CANCER_PATHWAY","WP4262","FZD6",654
"655","WIKI","WP_BREAST_CANCER_PATHWAY","WP4262","FZD7",655
"656","WIKI","WP_BREAST_CANCER_PATHWAY","WP4262","FZD8",656
"657","WIKI","WP_BREAST_CANCER_PATHWAY","WP4262","FZD9",657
"658","WIKI","WP_BREAST_CANCER_PATHWAY","WP4262","FZD10",658
"659","WIKI","WP_BREAST_CANCER_PATHWAY","WP4262","NOTCH1",659
"660","WIKI","WP_BREAST_CANCER_PATHWAY","WP4262","NOTCH2",660
"661","WIKI","WP_BREAST_CANCER_PATHWAY","WP4262","NOTCH3",661
"662","WIKI","WP_BREAST_CANCER_PATHWAY","WP4262","NOTCH4",662
"663","WIKI","WP_BREAST_CANCER_PATHWAY","WP4262","KIT",663
"664","WIKI","WP_BREAST_CANCER_PATHWAY","WP4262","EGFR",664
"665","WIKI","WP_BREAST_CANCER_PATHWAY","WP4262","ERBB2",665
"666","WIKI","WP_BREAST_CANCER_PATHWAY","WP4262","IGF1R",666
"667","WIKI","WP_BREAST_CANCER_PATHWAY","WP4262","FGFR1",667
"668","WIKI","WP_CANCER_IMMUNOTHERAPY_BY_PD1_BLOCKADE","WP4585","PDCD1",668
"669","WIKI","WP_CANCER_IMMUNOTHERAPY_BY_PD1_BLOCKADE","WP4585","CD8A",669
"670","WIKI","WP_CANONICAL_AND_NONCANONICAL_TGFB_SIGNALING","WP3874","TGFBR1_TGFBR2",670
"671","WIKI","WP_CARDIAC_HYPERTROPHIC_RESPONSE","WP2795","TGFBR1",671
"672","WIKI","WP_CARDIAC_HYPERTROPHIC_RESPONSE","WP2795","TNFRSF1A",672
"673","WIKI","WP_CCL18_SIGNALING_PATHWAY","WP5097","CXCR4",673
"674","WIKI","WP_CCL18_SIGNALING_PATHWAY","WP5097","CCR6",674
"675","WIKI","WP_CCL18_SIGNALING_PATHWAY","WP5097","CCR8",675
"676","WIKI","WP_CCL18_SIGNALING_PATHWAY","WP5097","CCR3",676
"677","WIKI","WP_CCL18_SIGNALING_PATHWAY","WP5097","CCR1",677
"678","WIKI","WP_CCL18_SIGNALING_PATHWAY","WP5097","CCR2",678
"679","WIKI","WP_CCL18_SIGNALING_PATHWAY","WP5097","CCR4",679
"680","WIKI","WP_CCL18_SIGNALING_PATHWAY","WP5097","CCR5",680
"681","WIKI","WP_CHEMOKINE_SIGNALING_PATHWAY","WP3929","XCR1",681
"682","WIKI","WP_CHEMOKINE_SIGNALING_PATHWAY","WP3929","CX3CR1",682
"683","WIKI","WP_CHEMOKINE_SIGNALING_PATHWAY","WP3929","CCR8",683
"684","WIKI","WP_CHEMOKINE_SIGNALING_PATHWAY","WP3929","CCR2",684
"685","WIKI","WP_CHEMOKINE_SIGNALING_PATHWAY","WP3929","CCR1",685
"686","WIKI","WP_CHEMOKINE_SIGNALING_PATHWAY","WP3929","CCR6",686
"687","WIKI","WP_CHEMOKINE_SIGNALING_PATHWAY","WP3929","CXCR5",687
"688","WIKI","WP_CHEMOKINE_SIGNALING_PATHWAY","WP3929","CXCR2",688
"689","WIKI","WP_CHEMOKINE_SIGNALING_PATHWAY","WP3929","CXCR4",689
"690","WIKI","WP_CHEMOKINE_SIGNALING_PATHWAY","WP3929","CCR9",690
"691","WIKI","WP_CHEMOKINE_SIGNALING_PATHWAY","WP3929","CCR3",691
"692","WIKI","WP_CHEMOKINE_SIGNALING_PATHWAY","WP3929","CCR4",692
"693","WIKI","WP_CHEMOKINE_SIGNALING_PATHWAY","WP3929","CCR7",693
"694","WIKI","WP_CHEMOKINE_SIGNALING_PATHWAY","WP3929","CCR10",694
"695","WIKI","WP_CHEMOKINE_SIGNALING_PATHWAY","WP3929","CXCR6",695
"696","WIKI","WP_CHOLESTASIS","WP5238","LDLR",696
"697","WIKI","WP_CHOLESTASIS","WP5238","SCARB1",697
"698","WIKI","WP_CHROMOSOMAL_AND_MICROSATELLITE_INSTABILITY_IN_COLORECTAL_CANCER","WP4216","TGFBR1_TGFBR2",698
"699","WIKI","WP_CHROMOSOMAL_AND_MICROSATELLITE_INSTABILITY_IN_COLORECTAL_CANCER","WP4216","DCC",699
"700","WIKI","WP_CORTICOTROPINRELEASING_HORMONE_SIGNALING_PATHWAY","WP2355","CRHR1",700
"701","WIKI","WP_CORTICOTROPINRELEASING_HORMONE_SIGNALING_PATHWAY","WP2355","CRHR2",701
"702","WIKI","WP_EBOLA_VIRUS_INFECTION_IN_HOST","WP4217","EGFR",702
"703","WIKI","WP_EBOLA_VIRUS_INFECTION_IN_HOST","WP4217","CD44",703
"704","WIKI","WP_EBOLA_VIRUS_INFECTION_IN_HOST","WP4217","AXL",704
"705","WIKI","WP_EBOLA_VIRUS_INFECTION_IN_HOST","WP4217","TYRO3",705
"706","WIKI","WP_EBOLA_VIRUS_INFECTION_IN_HOST","WP4217","MERTK",706
"707","WIKI","WP_EBOLA_VIRUS_INFECTION_IN_HOST","WP4217","ITGAV",707
"708","WIKI","WP_EBOLA_VIRUS_INFECTION_IN_HOST","WP4217","ITGB3",708
"709","WIKI","WP_EBOLA_VIRUS_INFECTION_IN_HOST","WP4217","HAVCR2",709
"710","WIKI","WP_EBOLA_VIRUS_INFECTION_IN_HOST","WP4217","HAVCR1",710
"711","WIKI","WP_EBOLA_VIRUS_INFECTION_IN_HOST","WP4217","CLEC4M",711
"712","WIKI","WP_EBOLA_VIRUS_INFECTION_IN_HOST","WP4217","CD209",712
"713","WIKI","WP_EBOLA_VIRUS_INFECTION_IN_HOST","WP4217","ASGR1",713
"714","WIKI","WP_EGFEGFR_SIGNALING_PATHWAY","WP437","EGFR",714
"715","WIKI","WP_EGFEGFR_SIGNALING_PATHWAY","WP437","ERBB2",715
"716","WIKI","WP_EMBRYONIC_STEM_CELL_PLURIPOTENCY_PATHWAYS","WP3931","EGFR",716
"717","WIKI","WP_ENDODERM_DIFFERENTIATION","WP2853","NOTCH1",717
"718","WIKI","WP_ENDODERM_DIFFERENTIATION","WP2853","BMPR1A",718
"719","WIKI","WP_ENDOMETRIAL_CANCER","WP4155","ERBB2",719
"720","WIKI","WP_ENDOMETRIAL_CANCER","WP4155","EGFR",720
"721","WIKI","WP_EPITHELIAL_TO_MESENCHYMAL_TRANSITION_IN_COLORECTAL_CANCER","WP4239","NRP2",721
"722","WIKI","WP_EPITHELIAL_TO_MESENCHYMAL_TRANSITION_IN_COLORECTAL_CANCER","WP4239","TGFBR1_TGFBR2",722
"723","WIKI","WP_EPITHELIAL_TO_MESENCHYMAL_TRANSITION_IN_COLORECTAL_CANCER","WP4239","FZD2",723
"724","WIKI","WP_EPITHELIAL_TO_MESENCHYMAL_TRANSITION_IN_COLORECTAL_CANCER","WP4239","FZD3",724
"725","WIKI","WP_EPITHELIAL_TO_MESENCHYMAL_TRANSITION_IN_COLORECTAL_CANCER","WP4239","FZD4",725
"726","WIKI","WP_EPITHELIAL_TO_MESENCHYMAL_TRANSITION_IN_COLORECTAL_CANCER","WP4239","FZD5",726
"727","WIKI","WP_EPITHELIAL_TO_MESENCHYMAL_TRANSITION_IN_COLORECTAL_CANCER","WP4239","FZD6",727
"728","WIKI","WP_EPITHELIAL_TO_MESENCHYMAL_TRANSITION_IN_COLORECTAL_CANCER","WP4239","FZD7",728
"729","WIKI","WP_EPITHELIAL_TO_MESENCHYMAL_TRANSITION_IN_COLORECTAL_CANCER","WP4239","FZD8",729
"730","WIKI","WP_EPITHELIAL_TO_MESENCHYMAL_TRANSITION_IN_COLORECTAL_CANCER","WP4239","FZD9",730
"731","WIKI","WP_EPITHELIAL_TO_MESENCHYMAL_TRANSITION_IN_COLORECTAL_CANCER","WP4239","FZD10",731
"732","WIKI","WP_EPO_RECEPTOR_SIGNALING","WP581","EPOR",732
"733","WIKI","WP_ERBB_SIGNALING_PATHWAY","WP673","EGFR_ERBB2",733
"734","WIKI","WP_ERBB_SIGNALING_PATHWAY","WP673","ERBB2_ERBB3",734
"735","WIKI","WP_ERBB_SIGNALING_PATHWAY","WP673","ERBB2_ERBB4",735
"736","WIKI","WP_ERK_PATHWAY_IN_HUNTINGTONS_DISEASE","WP3853","NTRK2",736
"737","WIKI","WP_ERK_PATHWAY_IN_HUNTINGTONS_DISEASE","WP3853","EGFR",737
"738","WIKI","WP_ERK_PATHWAY_IN_HUNTINGTONS_DISEASE","WP3853","GRM1",738
"739","WIKI","WP_FACTORS_AND_PATHWAYS_AFFECTING_INSULINLIKE_GROWTH_FACTOR_IGF1AKT_SIGNALING","WP3850","IGF1R",739
"740","WIKI","WP_FACTORS_AND_PATHWAYS_AFFECTING_INSULINLIKE_GROWTH_FACTOR_IGF1AKT_SIGNALING","WP3850","TNFRSF1A",740
"741","WIKI","WP_FACTORS_AND_PATHWAYS_AFFECTING_INSULINLIKE_GROWTH_FACTOR_IGF1AKT_SIGNALING","WP3850","ACVR2B",741
"742","WIKI","WP_FERROPTOSIS","WP4313","TFRC",742
"743","WIKI","WP_FGFR3_SIGNALING_IN_CHONDROCYTE_PROLIFERATION_AND_TERMINAL_DIFFERENTIATION","WP4767","PTH1R",743
"744","WIKI","WP_FGFR3_SIGNALING_IN_CHONDROCYTE_PROLIFERATION_AND_TERMINAL_DIFFERENTIATION","WP4767","FGFR3",744
"745","WIKI","WP_FOLLICLE_STIMULATING_HORMONE_FSH_SIGNALING_PATHWAY","WP2035","FSHR",745
"746","WIKI","WP_GALANIN_RECEPTOR_PATHWAY","WP4970","GALR1",746
"747","WIKI","WP_GALANIN_RECEPTOR_PATHWAY","WP4970","GALR2",747
"748","WIKI","WP_GALANIN_RECEPTOR_PATHWAY","WP4970","GALR3",748
"749","WIKI","WP_GASTRIN_SIGNALING_PATHWAY","WP4659","EGFR",749
"750","WIKI","WP_GASTRIN_SIGNALING_PATHWAY","WP4659","CCKBR",750
"751","WIKI","WP_GASTRIN_SIGNALING_PATHWAY","WP4659","KIT",751
"752","WIKI","WP_GPR143_IN_MELANOCYTES_AND_RETINAL_PIGMENT_EPITHELIUM_CELLS","WP4941","MC1R",752
"753","WIKI","WP_HEAD_AND_NECK_SQUAMOUS_CELL_CARCINOMA","WP4674","NOTCH1",753
"754","WIKI","WP_HEAD_AND_NECK_SQUAMOUS_CELL_CARCINOMA","WP4674","NOTCH2",754
"755","WIKI","WP_HEPATITIS_B_INFECTION","WP4666","TGFBR1_TGFBR2",755
"756","WIKI","WP_HEPATITIS_B_INFECTION","WP4666","FAS",756
"757","WIKI","WP_HEPATITIS_B_INFECTION","WP4666","TLR2",757
"758","WIKI","WP_HEPATITIS_B_INFECTION","WP4666","TLR4",758
"759","WIKI","WP_HEPATITIS_B_INFECTION","WP4666","IFNAR1",759
"760","WIKI","WP_HEPATITIS_C_AND_HEPATOCELLULAR_CARCINOMA","WP3646","PODXL",760
"761","WIKI","WP_HEPATITIS_C_AND_HEPATOCELLULAR_CARCINOMA","WP3646","IL6R",761
"762","WIKI","WP_HEPATITIS_C_AND_HEPATOCELLULAR_CARCINOMA","WP3646","CXCR1",762
"763","WIKI","WP_HEPATITIS_C_AND_HEPATOCELLULAR_CARCINOMA","WP3646","CD44",763
"764","WIKI","WP_HEPATITIS_C_AND_HEPATOCELLULAR_CARCINOMA","WP3646","TGFBR1",764
"765","WIKI","WP_HEPATOCYTE_GROWTH_FACTOR_RECEPTOR_SIGNALING","WP313","MET",765
"766","WIKI","WP_HOSTPATHOGEN_INTERACTION_OF_HUMAN_CORONAVIRUSES_INTERFERON_INDUCTION","WP4880","IFNAR1_IFNAR2",766
"767","WIKI","WP_HYPOTHESIZED_PATHWAYS_IN_PATHOGENESIS_OF_CARDIOVASCULAR_DISEASE","WP3668","TGFBR3",767
"768","WIKI","WP_HYPOTHESIZED_PATHWAYS_IN_PATHOGENESIS_OF_CARDIOVASCULAR_DISEASE","WP3668","TGFBR1_TGFBR2",768
"769","WIKI","WP_IL10_ANTIINFLAMMATORY_SIGNALING_PATHWAY","WP4495","IL10RA_IL10RB",769
"770","WIKI","WP_IL17_SIGNALING_PATHWAY","WP2112","IL17RA",770
"771","WIKI","WP_IL17_SIGNALING_PATHWAY","WP2112","IL17RB",771
"772","WIKI","WP_IL17_SIGNALING_PATHWAY","WP2112","IL17RC",772
"773","WIKI","WP_IL17_SIGNALING_PATHWAY","WP2112","IL17RE",773
"774","WIKI","WP_IL18_SIGNALING_PATHWAY","WP4754","IL18R1_IL18RAP",774
"775","WIKI","WP_IL18_SIGNALING_PATHWAY","WP4754","TNFRSF1A",775
"776","WIKI","WP_IL18_SIGNALING_PATHWAY","WP4754","FAS",776
"777","WIKI","WP_IL1_AND_MEGAKARYOCYTES_IN_OBESITY","WP2865","IL1R1",777
"778","WIKI","WP_IL1_SIGNALING_PATHWAY","WP195","IL1R1_IL1RAP",778
"779","WIKI","WP_IL2_SIGNALING_PATHWAY","WP49","IL2RA",779
"780","WIKI","WP_IL2_SIGNALING_PATHWAY","WP49","IL2RB",780
"781","WIKI","WP_IL2_SIGNALING_PATHWAY","WP49","IL2RG",781
"782","WIKI","WP_IL3_SIGNALING_PATHWAY","WP286","IL3RA",782
"783","WIKI","WP_IL3_SIGNALING_PATHWAY","WP286","CSF2RB",783
"784","WIKI","WP_IL4_SIGNALING_PATHWAY","WP395","IL4R",784
"785","WIKI","WP_IL4_SIGNALING_PATHWAY","WP395","IL2RG",785
"786","WIKI","WP_IL5_SIGNALING_PATHWAY","WP127","IL5RA",786
"787","WIKI","WP_IL5_SIGNALING_PATHWAY","WP127","CSF2RB",787
"788","WIKI","WP_IL6_SIGNALING_PATHWAY","WP364","IL6R",788
"789","WIKI","WP_IL6_SIGNALING_PATHWAY","WP364","IL6ST",789
"790","WIKI","WP_IL7_SIGNALING_PATHWAY","WP205","IL7R",790
"791","WIKI","WP_IL7_SIGNALING_PATHWAY","WP205","IL2RG",791
"792","WIKI","WP_IL9_SIGNALING_PATHWAY","WP22","IL9R",792
"793","WIKI","WP_IL9_SIGNALING_PATHWAY","WP22","IL2RG",793
"794","WIKI","WP_INSULIN_SIGNALING","WP481","INSR",794
"795","WIKI","WP_INSULIN_SIGNALING","WP481","IGF1R",795
"796","WIKI","WP_INSULIN_SIGNALING_IN_ADIPOCYTES_DIABETIC_CONDITION","WP3635","INSR",796
"797","WIKI","WP_INSULIN_SIGNALING_IN_ADIPOCYTES_NORMAL_CONDITION","WP3634","INSR",797
"798","WIKI","WP_INTERACTIONS_OF_NATURAL_KILLER_CELLS_IN_PANCREATIC_CANCER","WP5092","NCR3",798
"799","WIKI","WP_INTERACTIONS_OF_NATURAL_KILLER_CELLS_IN_PANCREATIC_CANCER","WP5092","PVR",799
"800","WIKI","WP_INTERACTIONS_OF_NATURAL_KILLER_CELLS_IN_PANCREATIC_CANCER","WP5092","KLRK1",800
"801","WIKI","WP_INTERLEUKIN11_SIGNALING_PATHWAY","WP2332","IL11RA_IL6ST",801
"802","WIKI","WP_INTERLEUKIN1_IL1_STRUCTURAL_PATHWAY","WP2637","IL1R1",802
"803","WIKI","WP_INTERLEUKIN1_IL1_STRUCTURAL_PATHWAY","WP2637","IL1RAP",803
"804","WIKI","WP_IRON_METABOLISM_IN_PLACENTA","WP2007","TFR2",804
"805","WIKI","WP_KININKALLIKREIN_PATHWAY","WP5089","BDKRB1",805
"806","WIKI","WP_KININKALLIKREIN_PATHWAY","WP5089","BDKRB2",806
"807","WIKI","WP_KISSPEPTINKISSPEPTIN_RECEPTOR_SYSTEM_IN_THE_OVARY","WP4871","KISS1R",807
"808","WIKI","WP_KIT_RECEPTOR_SIGNALING_PATHWAY","WP304","KIT",808
"809","WIKI","WP_LDL_INFLUENCE_ON_CD14_AND_TLR4","WP5272","CD14",809
"810","WIKI","WP_LDL_INFLUENCE_ON_CD14_AND_TLR4","WP5272","TLR4",810
"811","WIKI","WP_LEPTIN_AND_ADIPONECTIN","WP3934","LEPR",811
"812","WIKI","WP_LEPTIN_AND_ADIPONECTIN","WP3934","ADIPOR1",812
"813","WIKI","WP_LEPTIN_AND_ADIPONECTIN","WP3934","ADIPOR2",813
"814","WIKI","WP_LEPTIN_SIGNALING_PATHWAY","WP2034","IGF1R",814
"815","WIKI","WP_LEPTIN_SIGNALING_PATHWAY","WP2034","LEPR",815
"816","WIKI","WP_LEPTIN_SIGNALING_PATHWAY","WP2034","ERBB2",816
"817","WIKI","WP_LEPTIN_SIGNALING_PATHWAY","WP2034","EGFR",817
"818","WIKI","WP_LEPTININSULIN_SIGNALING_OVERLAP","WP3935","INSR",818
"819","WIKI","WP_LEPTININSULIN_SIGNALING_OVERLAP","WP3935","LEPR",819
"820","WIKI","WP_LNCRNA_IN_CANONICAL_WNT_SIGNALING_AND_COLORECTAL_CANCER","WP4258","FZD2",820
"821","WIKI","WP_LNCRNA_IN_CANONICAL_WNT_SIGNALING_AND_COLORECTAL_CANCER","WP4258","FZD3",821
"822","WIKI","WP_LNCRNA_IN_CANONICAL_WNT_SIGNALING_AND_COLORECTAL_CANCER","WP4258","FZD4",822
"823","WIKI","WP_LNCRNA_IN_CANONICAL_WNT_SIGNALING_AND_COLORECTAL_CANCER","WP4258","FZD5",823
"824","WIKI","WP_LNCRNA_IN_CANONICAL_WNT_SIGNALING_AND_COLORECTAL_CANCER","WP4258","FZD6",824
"825","WIKI","WP_LNCRNA_IN_CANONICAL_WNT_SIGNALING_AND_COLORECTAL_CANCER","WP4258","FZD7",825
"826","WIKI","WP_LNCRNA_IN_CANONICAL_WNT_SIGNALING_AND_COLORECTAL_CANCER","WP4258","FZD8",826
"827","WIKI","WP_LNCRNA_IN_CANONICAL_WNT_SIGNALING_AND_COLORECTAL_CANCER","WP4258","FZD9",827
"828","WIKI","WP_LNCRNA_IN_CANONICAL_WNT_SIGNALING_AND_COLORECTAL_CANCER","WP4258","FZD10",828
"829","WIKI","WP_LNCRNA_IN_CANONICAL_WNT_SIGNALING_AND_COLORECTAL_CANCER","WP4258","LRP5",829
"830","WIKI","WP_LNCRNA_IN_CANONICAL_WNT_SIGNALING_AND_COLORECTAL_CANCER","WP4258","LRP6",830
"831","WIKI","WP_LNCRNA_IN_CANONICAL_WNT_SIGNALING_AND_COLORECTAL_CANCER","WP4258","RYK",831
"832","WIKI","WP_LNCRNA_IN_CANONICAL_WNT_SIGNALING_AND_COLORECTAL_CANCER","WP4258","ROR1",832
"833","WIKI","WP_LNCRNA_IN_CANONICAL_WNT_SIGNALING_AND_COLORECTAL_CANCER","WP4258","ROR2",833
"834","WIKI","WP_LTF_DANGER_SIGNAL_RESPONSE_PATHWAY","WP4478","AGER",834
"835","WIKI","WP_LTF_DANGER_SIGNAL_RESPONSE_PATHWAY","WP4478","TLR2",835
"836","WIKI","WP_LTF_DANGER_SIGNAL_RESPONSE_PATHWAY","WP4478","TLR4",836
"837","WIKI","WP_LTF_DANGER_SIGNAL_RESPONSE_PATHWAY","WP4478","CD14",837
"838","WIKI","WP_LTF_DANGER_SIGNAL_RESPONSE_PATHWAY","WP4478","TREM1",838
"839","WIKI","WP_MAJOR_RECEPTORS_TARGETED_BY_EPINEPHRINE_AND_NOREPINEPHRINE","WP4589","ADRB2",839
"840","WIKI","WP_MAPK_SIGNALING_PATHWAY","WP382","NTRK1",840
"841","WIKI","WP_MAPK_SIGNALING_PATHWAY","WP382","NTRK2",841
"842","WIKI","WP_MAPK_SIGNALING_PATHWAY","WP382","EGFR",842
"843","WIKI","WP_MAPK_SIGNALING_PATHWAY","WP382","FGFR1",843
"844","WIKI","WP_MAPK_SIGNALING_PATHWAY","WP382","FGFR2",844
"845","WIKI","WP_MAPK_SIGNALING_PATHWAY","WP382","FGFR3",845
"846","WIKI","WP_MAPK_SIGNALING_PATHWAY","WP382","FGFR4",846
"847","WIKI","WP_MAPK_SIGNALING_PATHWAY","WP382","PDGFRB",847
"848","WIKI","WP_MAPK_SIGNALING_PATHWAY","WP382","TNFRSF1A",848
"849","WIKI","WP_MAPK_SIGNALING_PATHWAY","WP382","IL1R1",849
"850","WIKI","WP_MAPK_SIGNALING_PATHWAY","WP382","IL1R2",850
"851","WIKI","WP_MAPK_SIGNALING_PATHWAY","WP382","FAS",851
"852","WIKI","WP_MAPK_SIGNALING_PATHWAY","WP382","TGFBR1",852
"853","WIKI","WP_MAPK_SIGNALING_PATHWAY","WP382","TGFBR2",853
"854","WIKI","WP_MAPK_SIGNALING_PATHWAY","WP382","CD14",854
"855","WIKI","WP_MBDNF_AND_PROBDNF_REGULATION_OF_GABA_NEUROTRANSMISSION","WP4829","NGFR",855
"856","WIKI","WP_MBDNF_AND_PROBDNF_REGULATION_OF_GABA_NEUROTRANSMISSION","WP4829","NTRK2",856
"857","WIKI","WP_MEASLES_VIRUS_INFECTION","WP4630","FAS",857
"858","WIKI","WP_MEASLES_VIRUS_INFECTION","WP4630","CLEC4M",858
"859","WIKI","WP_MEASLES_VIRUS_INFECTION","WP4630","CD209",859
"860","WIKI","WP_MEASLES_VIRUS_INFECTION","WP4630","TLR2",860
"861","WIKI","WP_MEASLES_VIRUS_INFECTION","WP4630","TLR4",861
"862","WIKI","WP_MEASLES_VIRUS_INFECTION","WP4630","IFNAR1",862
"863","WIKI","WP_MEASLES_VIRUS_INFECTION","WP4630","IFNAR2",863
"864","WIKI","WP_MELANOMA","WP4685","KDR",864
"865","WIKI","WP_MELANOMA","WP4685","KIT",865
"866","WIKI","WP_MELANOMA","WP4685","ERBB4",866
"867","WIKI","WP_MESODERMAL_COMMITMENT_PATHWAY","WP2857","FGFR1",867
"868","WIKI","WP_MESODERMAL_COMMITMENT_PATHWAY","WP2857","BMPR1A",868
"869","WIKI","WP_MESODERMAL_COMMITMENT_PATHWAY","WP2857","BMPR2",869
"870","WIKI","WP_MESODERMAL_COMMITMENT_PATHWAY","WP2857","ACVR2A",870
"871","WIKI","WP_MESODERMAL_COMMITMENT_PATHWAY","WP2857","ACVR1",871
"872","WIKI","WP_MESODERMAL_COMMITMENT_PATHWAY","WP2857","ACVR2B",872
"873","WIKI","WP_MESODERMAL_COMMITMENT_PATHWAY","WP2857","FZD4",873
"874","WIKI","WP_MESODERMAL_COMMITMENT_PATHWAY","WP2857","FZD5",874
"875","WIKI","WP_MESODERMAL_COMMITMENT_PATHWAY","WP2857","FZD8",875
"876","WIKI","WP_MET_IN_TYPE_1_PAPILLARY_RENAL_CELL_CARCINOMA","WP4205","MET",876
"877","WIKI","WP_MICROGLIA_PATHOGEN_PHAGOCYTOSIS_PATHWAY","WP3937","FCGR1A",877
"878","WIKI","WP_MICROGLIA_PATHOGEN_PHAGOCYTOSIS_PATHWAY","WP3937","TREM1",878
"879","WIKI","WP_MICROGLIA_PATHOGEN_PHAGOCYTOSIS_PATHWAY","WP3937","TREM2",879
"880","WIKI","WP_MICROGLIA_PATHOGEN_PHAGOCYTOSIS_PATHWAY","WP3937","ITGAM",880
"881","WIKI","WP_MICROGLIA_PATHOGEN_PHAGOCYTOSIS_PATHWAY","WP3937","ITGB2",881
"882","WIKI","WP_MIRNA_REGULATION_OF_PROSTATE_CANCER_SIGNALING_PATHWAYS","WP3981","PDGFRB",882
"883","WIKI","WP_MIRNAS_INVOLVEMENT_IN_THE_IMMUNE_RESPONSE_IN_SEPSIS","WP4329","TLR4",883
"884","WIKI","WP_MITOCHONDRIAL_IMMUNE_RESPONSE_TO_SARSCOV2","WP5038","ACE",884
"885","WIKI","WP_MYOMETRIAL_RELAXATION_AND_CONTRACTION_PATHWAYS","WP289","RAMP1",885
"886","WIKI","WP_MYOMETRIAL_RELAXATION_AND_CONTRACTION_PATHWAYS","WP289","RAMP2",886
"887","WIKI","WP_MYOMETRIAL_RELAXATION_AND_CONTRACTION_PATHWAYS","WP289","RAMP3",887
"888","WIKI","WP_MYOMETRIAL_RELAXATION_AND_CONTRACTION_PATHWAYS","WP289","CRHR1",888
"889","WIKI","WP_MYOMETRIAL_RELAXATION_AND_CONTRACTION_PATHWAYS","WP289","OXTR",889
"890","WIKI","WP_NANOMATERIALINDUCED_INFLAMMASOME_ACTIVATION","WP3890","TLR4",890
"891","WIKI","WP_NCRNAS_INVOLVED_IN_STAT3_SIGNALING_IN_HEPATOCELLULAR_CARCINOMA","WP4337","IL6ST",891
"892","WIKI","WP_NCRNAS_INVOLVED_IN_STAT3_SIGNALING_IN_HEPATOCELLULAR_CARCINOMA","WP4337","IL6R",892
"893","WIKI","WP_NCRNAS_INVOLVED_IN_STAT3_SIGNALING_IN_HEPATOCELLULAR_CARCINOMA","WP4337","IL11RA",893
"894","WIKI","WP_NCRNAS_INVOLVED_IN_WNT_SIGNALING_IN_HEPATOCELLULAR_CARCINOMA","WP4336","FZD2",894
"895","WIKI","WP_NCRNAS_INVOLVED_IN_WNT_SIGNALING_IN_HEPATOCELLULAR_CARCINOMA","WP4336","FZD3",895
"896","WIKI","WP_NCRNAS_INVOLVED_IN_WNT_SIGNALING_IN_HEPATOCELLULAR_CARCINOMA","WP4336","FZD4",896
"897","WIKI","WP_NCRNAS_INVOLVED_IN_WNT_SIGNALING_IN_HEPATOCELLULAR_CARCINOMA","WP4336","FZD5",897
"898","WIKI","WP_NCRNAS_INVOLVED_IN_WNT_SIGNALING_IN_HEPATOCELLULAR_CARCINOMA","WP4336","FZD6",898
"899","WIKI","WP_NCRNAS_INVOLVED_IN_WNT_SIGNALING_IN_HEPATOCELLULAR_CARCINOMA","WP4336","FZD7",899
"900","WIKI","WP_NCRNAS_INVOLVED_IN_WNT_SIGNALING_IN_HEPATOCELLULAR_CARCINOMA","WP4336","FZD8",900
"901","WIKI","WP_NCRNAS_INVOLVED_IN_WNT_SIGNALING_IN_HEPATOCELLULAR_CARCINOMA","WP4336","FZD9",901
"902","WIKI","WP_NCRNAS_INVOLVED_IN_WNT_SIGNALING_IN_HEPATOCELLULAR_CARCINOMA","WP4336","FZD10",902
"903","WIKI","WP_NCRNAS_INVOLVED_IN_WNT_SIGNALING_IN_HEPATOCELLULAR_CARCINOMA","WP4336","LRP5",903
"904","WIKI","WP_NCRNAS_INVOLVED_IN_WNT_SIGNALING_IN_HEPATOCELLULAR_CARCINOMA","WP4336","LRP6",904
"905","WIKI","WP_NCRNAS_INVOLVED_IN_WNT_SIGNALING_IN_HEPATOCELLULAR_CARCINOMA","WP4336","RYK",905
"906","WIKI","WP_NCRNAS_INVOLVED_IN_WNT_SIGNALING_IN_HEPATOCELLULAR_CARCINOMA","WP4336","ROR1",906
"907","WIKI","WP_NCRNAS_INVOLVED_IN_WNT_SIGNALING_IN_HEPATOCELLULAR_CARCINOMA","WP4336","ROR2",907
"908","WIKI","WP_NETRINUNC5B_SIGNALING_PATHWAY","WP4747","ROBO4",908
"909","WIKI","WP_NETRINUNC5B_SIGNALING_PATHWAY","WP4747","UNC5B",909
"910","WIKI","WP_NETRINUNC5B_SIGNALING_PATHWAY","WP4747","KDR",910
"911","WIKI","WP_NEURAL_CREST_CELL_MIGRATION_DURING_DEVELOPMENT","WP4564","NGFR",911
"912","WIKI","WP_NEURAL_CREST_CELL_MIGRATION_DURING_DEVELOPMENT","WP4564","F2RL2",912
"913","WIKI","WP_NEURAL_CREST_CELL_MIGRATION_IN_CANCER","WP4565","NGFR",913
"914","WIKI","WP_NEURAL_CREST_CELL_MIGRATION_IN_CANCER","WP4565","NTRK2",914
"915","WIKI","WP_NEUROINFLAMMATION","WP4919","TLR4",915
"916","WIKI","WP_NOCGMPPKG_MEDIATED_NEUROPROTECTION","WP4008","NPR1",916
"917","WIKI","WP_NONALCOHOLIC_FATTY_LIVER_DISEASE","WP4396","LEPR",917
"918","WIKI","WP_NONALCOHOLIC_FATTY_LIVER_DISEASE","WP4396","INSR",918
"919","WIKI","WP_NONALCOHOLIC_FATTY_LIVER_DISEASE","WP4396","IL6R",919
"920","WIKI","WP_NONALCOHOLIC_FATTY_LIVER_DISEASE","WP4396","FAS",920
"921","WIKI","WP_NONSMALL_CELL_LUNG_CANCER","WP4255","EGFR",921
"922","WIKI","WP_NONSMALL_CELL_LUNG_CANCER","WP4255","ERBB2",922
"923","WIKI","WP_NOTCH1_REGULATION_OF_ENDOTHELIAL_CELL_CALCIFICATION","WP3413","NOTCH1",923
"924","WIKI","WP_ONCOSTATIN_M_SIGNALING_PATHWAY","WP2374","LIFR",924
"925","WIKI","WP_ONCOSTATIN_M_SIGNALING_PATHWAY","WP2374","IL6ST",925
"926","WIKI","WP_ONCOSTATIN_M_SIGNALING_PATHWAY","WP2374","OSMR",926
"927","WIKI","WP_OSTEOBLAST_SIGNALING","WP322","PTH1R",927
"928","WIKI","WP_OSTEOCLAST_SIGNALING","WP12","IFNAR1",928
"929","WIKI","WP_OSTEOPONTIN_SIGNALING","WP1434","ITGAV_ITGB3",929
"930","WIKI","WP_P38_MAPK_SIGNALING_PATHWAY","WP400","TGFBR1",930
"931","WIKI","WP_PANCREATIC_ADENOCARCINOMA_PATHWAY","WP4263","EGFR",931
"932","WIKI","WP_PANCREATIC_ADENOCARCINOMA_PATHWAY","WP4263","ERBB2",932
"933","WIKI","WP_PANCREATIC_ADENOCARCINOMA_PATHWAY","WP4263","TGFBR1",933
"934","WIKI","WP_PANCREATIC_ADENOCARCINOMA_PATHWAY","WP4263","TGFBR2",934
"935","WIKI","WP_PDGFRBETA_PATHWAY","WP3972","PDGFRB",935
"936","WIKI","WP_PKCGAMMA_CALCIUM_SIGNALING_PATHWAY_IN_ATAXIA","WP4760","GRM1",936
"937","WIKI","WP_PROLACTIN_SIGNALING_PATHWAY","WP2037","PRLR",937
"938","WIKI","WP_PROSTAGLANDIN_SYNTHESIS_AND_REGULATION","WP98","PTGDR",938
"939","WIKI","WP_PROSTAGLANDIN_SYNTHESIS_AND_REGULATION","WP98","PTGER3",939
"940","WIKI","WP_PROSTAGLANDIN_SYNTHESIS_AND_REGULATION","WP98","PTGIR",940
"941","WIKI","WP_PROSTAGLANDIN_SYNTHESIS_AND_REGULATION","WP98","TBXA2R",941
"942","WIKI","WP_RAC1PAK1P38MMP2_PATHWAY","WP3303","TEK",942
"943","WIKI","WP_RANKLRANK_SIGNALING_PATHWAY","WP2018","TNFRSF11A",943
"944","WIKI","WP_RAS_SIGNALING","WP4223","CSF1R",944
"945","WIKI","WP_RAS_SIGNALING","WP4223","EGFR",945
"946","WIKI","WP_RAS_SIGNALING","WP4223","EPHA2",946
"947","WIKI","WP_RAS_SIGNALING","WP4223","FGFR1",947
"948","WIKI","WP_RAS_SIGNALING","WP4223","FGFR2",948
"949","WIKI","WP_RAS_SIGNALING","WP4223","FGFR3",949
"950","WIKI","WP_RAS_SIGNALING","WP4223","FGFR4",950
"951","WIKI","WP_RAS_SIGNALING","WP4223","FLT1",951
"952","WIKI","WP_RAS_SIGNALING","WP4223","FLT3",952
"953","WIKI","WP_RAS_SIGNALING","WP4223","FLT4",953
"954","WIKI","WP_RAS_SIGNALING","WP4223","IGF1R",954
"955","WIKI","WP_RAS_SIGNALING","WP4223","INSR",955
"956","WIKI","WP_RAS_SIGNALING","WP4223","KDR",956
"957","WIKI","WP_RAS_SIGNALING","WP4223","KIT",957
"958","WIKI","WP_RAS_SIGNALING","WP4223","MET",958
"959","WIKI","WP_RAS_SIGNALING","WP4223","NGFR",959
"960","WIKI","WP_RAS_SIGNALING","WP4223","NTRK1",960
"961","WIKI","WP_RAS_SIGNALING","WP4223","NTRK2",961
"962","WIKI","WP_RAS_SIGNALING","WP4223","PDGFRA",962
"963","WIKI","WP_RAS_SIGNALING","WP4223","PDGFRB",963
"964","WIKI","WP_RAS_SIGNALING","WP4223","TEK",964
"965","WIKI","WP_REGUCALCIN_IN_PROXIMAL_TUBULE_EPITHELIAL_KIDNEY_CELLS","WP4838","TGFBR1",965
"966","WIKI","WP_REGUCALCIN_IN_PROXIMAL_TUBULE_EPITHELIAL_KIDNEY_CELLS","WP4838","TNFRSF1A",966
"967","WIKI","WP_ROBO4_AND_VEGF_SIGNALING_PATHWAYS_CROSSTALK","WP3943","KDR",967
"968","WIKI","WP_ROLES_OF_CERAMIDES_IN_THE_DEVELOPMENT_OF_INSULIN_RESISTANCE","WP5181","TNFRSF1A",968
"969","WIKI","WP_S1P_RECEPTOR_SIGNAL_TRANSDUCTION","WP26","S1PR1",969
"970","WIKI","WP_SARS_CORONAVIRUS_AND_INNATE_IMMUNITY","WP4912","IFNAR1",970
"971","WIKI","WP_SARS_CORONAVIRUS_AND_INNATE_IMMUNITY","WP4912","IFNAR2",971
"972","WIKI","WP_SARSCOV2_ALTERING_ANGIOGENESIS_VIA_NRP1","WP5065","NRP1",972
"973","WIKI","WP_SARSCOV2_AND_ACE2_RECEPTOR_MOLECULAR_MECHANISMS","WP4883","MAS1",973
"974","WIKI","WP_SARSCOV2_AND_ACE2_RECEPTOR_MOLECULAR_MECHANISMS","WP4883","AGTR1",974
"975","WIKI","WP_SECRETION_OF_HYDROCHLORIC_ACID_IN_PARIETAL_CELLS","WP2597","CCKBR",975
"976","WIKI","WP_SEROTONIN_AND_ANXIETYRELATED_EVENTS","WP3944","HTR2A",976
"977","WIKI","WP_SEROTONIN_AND_ANXIETYRELATED_EVENTS","WP3944","HTR2C",977
"978","WIKI","WP_SEROTONIN_AND_ANXIETYRELATED_EVENTS","WP3944","HTR1A",978
"979","WIKI","WP_SEROTONIN_RECEPTOR_467_AND_NR3C_SIGNALING","WP734","HTR6",979
"980","WIKI","WP_SIGNAL_TRANSDUCTION_THROUGH_IL1R","WP4496","IL1R1",980
"981","WIKI","WP_SIGNAL_TRANSDUCTION_THROUGH_IL1R","WP4496","IL1RAP",981
"982","WIKI","WP_SMALL_CELL_LUNG_CANCER","WP4658","ITGA2",982
"983","WIKI","WP_SMALL_CELL_LUNG_CANCER","WP4658","ITGA3",983
"984","WIKI","WP_SMALL_CELL_LUNG_CANCER","WP4658","ITGA6",984
"985","WIKI","WP_SMALL_CELL_LUNG_CANCER","WP4658","ITGB1",985
"986","WIKI","WP_SMALL_CELL_LUNG_CANCER","WP4658","ITGA2B",986
"987","WIKI","WP_SMALL_CELL_LUNG_CANCER","WP4658","ITGAV",987
"988","WIKI","WP_SYNAPTIC_SIGNALING_PATHWAYS_ASSOCIATED_WITH_AUTISM_SPECTRUM_DISORDER","WP4539","NTRK2",988
"989","WIKI","WP_TCELL_RECEPTOR_SIGNALING_PATHWAY","WP69","CD3D",989
"990","WIKI","WP_TCELL_RECEPTOR_SIGNALING_PATHWAY","WP69","CD3E",990
"991","WIKI","WP_TCELL_RECEPTOR_SIGNALING_PATHWAY","WP69","CD247",991
"992","WIKI","WP_TCELL_RECEPTOR_SIGNALING_PATHWAY","WP69","CD3E",992
"993","WIKI","WP_TGFBETA_RECEPTOR_SIGNALING","WP560","TGFBR1_TGFBR2",993
"994","WIKI","WP_TGFBETA_RECEPTOR_SIGNALING","WP560","TGFBR3",994
"995","WIKI","WP_TGFBETA_RECEPTOR_SIGNALING_IN_SKELETAL_DYSPLASIAS","WP4816","TGFBR1_TGFBR2",995
"996","WIKI","WP_TGFBETA_RECEPTOR_SIGNALING_IN_SKELETAL_DYSPLASIAS","WP4816","TGFBR3",996
"997","WIKI","WP_TGFBETA_SIGNALING_PATHWAY","WP366","TGFBR1",997
"998","WIKI","WP_TGFBETA_SIGNALING_PATHWAY","WP366","TGFBR2",998
"999","WIKI","WP_TGFBETA_SIGNALING_PATHWAY","WP366","TGFBR3",999
"1000","WIKI","WP_THYMIC_STROMAL_LYMPHOPOIETIN_TSLP_SIGNALING_PATHWAY","WP2203","IL7R",1000
"1001","WIKI","WP_THYMIC_STROMAL_LYMPHOPOIETIN_TSLP_SIGNALING_PATHWAY","WP2203","CRLF2",1001
"1002","WIKI","WP_THYROID_STIMULATING_HORMONE_TSH_SIGNALING_PATHWAY","WP2032","TSHR",1002
"1003","WIKI","WP_TNFALPHA_SIGNALING_PATHWAY","WP231","TNFRSF1A",1003
"1004","WIKI","WP_TNFALPHA_SIGNALING_PATHWAY","WP231","TNFRSF1B",1004
"1005","WIKI","WP_TNFRELATED_WEAK_INDUCER_OF_APOPTOSIS_TWEAK_SIGNALING_PATHWAY","WP2036","TNFRSF12A",1005
"1006","WIKI","WP_TOLLLIKE_RECEPTOR_SIGNALING_PATHWAY","WP75","TLR4",1006
"1007","WIKI","WP_TOLLLIKE_RECEPTOR_SIGNALING_PATHWAY","WP75","IFNAR1_IFNAR2",1007
"1008","WIKI","WP_TRANSCRIPTION_FACTOR_REGULATION_IN_ADIPOGENESIS","WP3599","INSR",1008
"1009","WIKI","WP_TYPE_I_COLLAGEN_SYNTHESIS_IN_THE_CONTEXT_OF_OSTEOGENESIS_IMPERFECTA","WP4786","TNFRSF11A",1009
"1010","WIKI","WP_TYPE_I_COLLAGEN_SYNTHESIS_IN_THE_CONTEXT_OF_OSTEOGENESIS_IMPERFECTA","WP4786","TNFRSF11B",1010
"1011","WIKI","WP_TYPE_II_DIABETES_MELLITUS","WP1584","INSR",1011
"1012","WIKI","WP_TYPE_II_INTERFERON_SIGNALING","WP619","IFNGR1",1012
"1013","WIKI","WP_TYPE_II_INTERFERON_SIGNALING","WP619","IFNGR2",1013
"1014","WIKI","WP_TYPE_III_INTERFERON_SIGNALING","WP2113","IL10RB",1014
"1015","WIKI","WP_VEGFAVEGFR2_SIGNALING_PATHWAY","WP3888","PLAUR",1015
"1016","WIKI","WP_VEGFAVEGFR2_SIGNALING_PATHWAY","WP3888","FLT1",1016
"1017","WIKI","WP_WNT_SIGNALING","WP428","FZD2",1017
"1018","WIKI","WP_WNT_SIGNALING","WP428","FZD3",1018
"1019","WIKI","WP_WNT_SIGNALING","WP428","FZD4",1019
"1020","WIKI","WP_WNT_SIGNALING","WP428","FZD5",1020
"1021","WIKI","WP_WNT_SIGNALING","WP428","FZD6",1021
"1022","WIKI","WP_WNT_SIGNALING","WP428","FZD7",1022
"1023","WIKI","WP_WNT_SIGNALING","WP428","FZD8",1023
"1024","WIKI","WP_WNT_SIGNALING","WP428","FZD9",1024
"1025","WIKI","WP_WNT_SIGNALING","WP428","FZD10",1025
"1026","WIKI","WP_WNT_SIGNALING","WP428","LRP5",1026
"1027","WIKI","WP_WNT_SIGNALING","WP428","LRP6",1027
"1028","WIKI","WP_WNT_SIGNALING","WP428","RYK",1028
"1029","WIKI","WP_WNT_SIGNALING","WP428","ROR1",1029
"1030","WIKI","WP_WNT_SIGNALING","WP428","ROR2",1030
"1031","WIKI","WP_WNT_SIGNALING_IN_KIDNEY_DISEASE","WP4150","FZD2",1031
"1032","WIKI","WP_WNT_SIGNALING_IN_KIDNEY_DISEASE","WP4150","FZD3",1032
"1033","WIKI","WP_WNT_SIGNALING_IN_KIDNEY_DISEASE","WP4150","FZD4",1033
"1034","WIKI","WP_WNT_SIGNALING_IN_KIDNEY_DISEASE","WP4150","FZD5",1034
"1035","WIKI","WP_WNT_SIGNALING_IN_KIDNEY_DISEASE","WP4150","FZD6",1035
"1036","WIKI","WP_WNT_SIGNALING_IN_KIDNEY_DISEASE","WP4150","FZD7",1036
"1037","WIKI","WP_WNT_SIGNALING_IN_KIDNEY_DISEASE","WP4150","FZD8",1037
"1038","WIKI","WP_WNT_SIGNALING_IN_KIDNEY_DISEASE","WP4150","FZD9",1038
"1039","WIKI","WP_WNT_SIGNALING_IN_KIDNEY_DISEASE","WP4150","LRP5",1039
"1040","WIKI","WP_WNT_SIGNALING_IN_KIDNEY_DISEASE","WP4150","LRP6",1040
"1041","WIKI","WP_WNT_SIGNALING_PATHWAY_AND_PLURIPOTENCY","WP399","FZD2",1041
"1042","WIKI","WP_WNT_SIGNALING_PATHWAY_AND_PLURIPOTENCY","WP399","FZD3",1042
"1043","WIKI","WP_WNT_SIGNALING_PATHWAY_AND_PLURIPOTENCY","WP399","FZD4",1043
"1044","WIKI","WP_WNT_SIGNALING_PATHWAY_AND_PLURIPOTENCY","WP399","FZD5",1044
"1045","WIKI","WP_WNT_SIGNALING_PATHWAY_AND_PLURIPOTENCY","WP399","FZD6",1045
"1046","WIKI","WP_WNT_SIGNALING_PATHWAY_AND_PLURIPOTENCY","WP399","FZD7",1046
"1047","WIKI","WP_WNT_SIGNALING_PATHWAY_AND_PLURIPOTENCY","WP399","FZD8",1047
"1048","WIKI","WP_WNT_SIGNALING_PATHWAY_AND_PLURIPOTENCY","WP399","FZD9",1048
"1049","WIKI","WP_WNT_SIGNALING_PATHWAY_AND_PLURIPOTENCY","WP399","LRP5",1049
"1050","WIKI","WP_WNT_SIGNALING_PATHWAY_AND_PLURIPOTENCY","WP399","LRP6",1050
